Total_size,LotArea,Neighborhood,BldgType_clean,OverallQual,Age_at_sale,ExterQual,Outdoor_Porch_Size,YrSold,KitchenQual,Fireplaces,log_sales
2964,8450,CollgCr,1Fam,7,5,Gd,61,2008,Gd,0,12.247694320220994
2700,9600,Veenker,1Fam,6,31,TA,298,2007,TA,1,12.109010932687042
2880,11250,CollgCr,1Fam,7,6,Gd,42,2008,Gd,1,12.31716669303576
2575,9550,Crawfor,1Fam,7,36,TA,35,2006,Gd,1,11.84939770159144
3689,14260,NoRidge,1Fam,8,8,Gd,276,2008,Gd,1,12.429216196844383
2574,14115,Mitchel,1Fam,5,14,TA,70,2009,TA,0,11.870599909242044
3699,10084,Somerst,1Fam,8,2,Gd,312,2007,Gd,1,12.634603026569334
3465,10382,NWAmes,1Fam,7,36,TA,439,2009,TA,2,12.206072645530174
2242,6120,OldTown,1Fam,7,58,TA,90,2008,TA,2,11.77452020265869
2133,7420,BrkSide,2fmCon,5,58,TA,4,2008,TA,2,11.678439903447801
2330,11200,Sawyer,1Fam,5,43,TA,0,2008,TA,0,11.771436160121729
4058,11924,NridgHt,1Fam,9,0,Ex,168,2006,Ex,2,12.751299696013497
2001,12968,Sawyer,1Fam,5,46,TA,140,2008,TA,0,11.877568578558138
2334,10652,CollgCr,1Fam,7,0,Gd,193,2007,Gd,1,12.540757571577291
2338,10920,NAmes,1Fam,6,48,TA,213,2008,TA,1,11.964001084330445
1430,6120,BrkSide,1Fam,7,6,TA,160,2007,TA,0,11.790557201568507
2062,11241,NAmes,1Fam,6,40,TA,0,2010,TA,1,11.911701584927597
1812,10791,Sawyer,Duplex,4,39,TA,0,2006,TA,0,11.407564949312402
2336,13695,SawyerW,1Fam,5,4,TA,102,2008,Gd,0,11.976659481202368
2137,7560,NAmes,1Fam,5,44,TA,0,2009,TA,0,11.842229212112828
3229,14215,NridgHt,1Fam,8,0,Gd,394,2006,Gd,1,12.692503112461443
1388,7449,IDOTRR,1Fam,7,57,TA,0,2007,Gd,1,11.845102777308561
2329,9742,CollgCr,1Fam,8,6,Gd,330,2008,Gd,1,12.345834587905333
2472,4224,MeadowV,Twnhs,5,31,TA,210,2007,TA,1,11.77452020265869
2186,8246,Sawyer,1Fam,5,9,TA,496,2010,Gd,1,11.944707881395766
2490,14230,NridgHt,1Fam,8,2,Gd,56,2009,Gd,1,12.454103912352162
2196,7200,NAmes,1Fam,5,10,TA,254,2010,Gd,0,11.811547477460344
3694,11478,NridgHt,1Fam,8,2,Gd,50,2010,Gd,1,12.631340380934517
3196,16321,NAmes,1Fam,5,9,TA,546,2006,TA,2,12.24288661865289
760,6324,BrkSide,1Fam,4,58,TA,49,2008,Fa,0,11.134589024250317
1567,8500,IDOTRR,1Fam,4,58,TA,54,2008,TA,0,10.596634733096073
1499,8544,Sawyer,1Fam,5,2,TA,65,2008,Gd,0,11.914047823644255
1718,11049,CollgCr,1Fam,8,1,Gd,30,2008,Gd,0,12.100156419938624
3165,10552,NAmes,1Fam,5,51,TA,38,2010,Gd,1,12.016726473799254
3270,7313,NridgHt,Twnhs,9,2,Ex,250,2007,Ex,1,12.533576212168626
3143,13418,NridgHt,1Fam,8,1,Gd,145,2006,Gd,1,12.641096555879882
1769,10859,CollgCr,1Fam,5,14,TA,456,2009,TA,0,11.884489021402711
3008,8532,NAmes,1Fam,5,19,TA,0,2009,TA,1,11.938193200374572
2034,7922,NAmes,1Fam,5,3,TA,52,2010,Gd,0,11.59910316121128
1152,6040,Edwards,Duplex,4,53,TA,0,2008,Fa,0,11.314474526246391
2407,8658,NAmes,1Fam,6,41,TA,138,2006,TA,1,11.982929094215963
2603,16905,Timber,1Fam,5,48,TA,104,2007,TA,2,12.043553716032399
2228,9180,SawyerW,1Fam,5,24,TA,240,2007,Gd,0,11.877568578558138
2017,9200,CollgCr,1Fam,5,28,TA,145,2008,TA,0,11.777210959615614
2135,7945,NAmes,1Fam,5,47,TA,0,2006,TA,0,11.856515169360305
2784,7658,NridgHt,Twnhs,9,5,Ex,278,2010,Ex,1,12.675763725937609
4170,12822,Mitchel,1Fam,7,6,Gd,211,2009,Gd,1,12.387085012375499
2506,11096,Somerst,1Fam,8,1,Gd,146,2007,Gd,0,12.428015476267865
1452,4456,OldTown,2fmCon,4,1,TA,0,2009,TA,0,11.635143097694478
2104,7742,Sawyer,1Fam,5,41,TA,0,2007,TA,0,11.751942365440728
2040,13869,Gilbert,1Fam,6,10,TA,75,2007,TA,0,12.083905011555967
1344,6240,BrkSide,1Fam,6,56,TA,112,2006,TA,1,11.648330101976432
2148,8472,IDOTRR,Duplex,5,47,Fa,106,2010,TA,0,11.608235644774552
4546,50271,Veenker,1Fam,9,19,Gd,929,2006,Gd,1,12.86099861326992
2316,7134,NAmes,1Fam,5,52,TA,50,2007,TA,1,11.77528972943772
2491,10175,NAmes,1Fam,6,44,TA,0,2008,TA,1,12.103486056755072
2868,2645,Somerst,Twnhs,8,9,Gd,115,2009,Gd,0,12.058152515453552
2285,11645,CollgCr,1Fam,7,2,Gd,70,2006,Gd,0,12.188417710291453
3586,13682,StoneBr,1Fam,10,0,Ex,192,2006,Gd,1,12.991753427493052
1764,7200,CollgCr,1Fam,5,36,TA,196,2008,TA,0,11.73526869611367
2675,13072,SawyerW,1Fam,6,2,TA,50,2006,Gd,0,11.970350312009105
1399,7200,IDOTRR,1Fam,5,11,TA,0,2007,Fa,0,11.522875795823397
1878,6442,NridgHt,Twnhs,8,1,Gd,169,2007,Gd,1,12.218495165528731
2190,10300,OldTown,1Fam,7,60,TA,23,2010,TA,0,11.84939770159144
3418,9375,CollgCr,1Fam,7,11,TA,612,2009,Gd,0,12.299107511497363
3325,9591,NridgHt,1Fam,8,2,Gd,343,2007,Gd,1,12.666657052859417
3695,19900,NAmes,1Fam,7,21,TA,301,2010,TA,1,12.100712129872347
3050,10665,CollgCr,1Fam,7,4,Gd,173,2007,Gd,0,12.328290278254423
967,4608,OldTown,1Fam,4,60,TA,0,2010,TA,0,11.289781913656018
3557,15593,ClearCr,1Fam,7,53,Gd,21,2006,TA,1,12.323855681186558
4619,13651,NAmes,1Fam,7,34,TA,300,2007,TA,2,12.404923504275338
1770,7599,Mitchel,1Fam,4,1,TA,0,2007,TA,0,11.771436160121729
2145,10141,Gilbert,1Fam,7,11,TA,94,2009,TA,1,12.128111104060462
2258,10200,NAmes,1Fam,5,7,TA,0,2010,TA,0,11.883799128308773
1984,5790,OldTown,1Fam,3,60,Gd,0,2010,TA,0,11.584315461056901
1747,1596,MeadowV,Twnhs,4,36,TA,221,2009,TA,0,11.418614785498987
1463,8475,NAmes,1Fam,4,52,TA,0,2008,TA,0,11.818570237796182
1902,8635,BrkSide,1Fam,5,7,TA,0,2008,TA,0,11.751942365440728
1768,10778,Sawyer,Duplex,4,42,TA,0,2010,TA,0,11.824079893607152
1670,10440,OldTown,1Fam,5,28,TA,74,2009,TA,0,11.608235644774552
3099,13000,NAmes,1Fam,6,41,TA,72,2009,Gd,1,12.173032791451973
2943,4500,Mitchel,Twnhs,6,8,TA,199,2006,TA,0,11.941455846009388
2354,10206,Somerst,1Fam,8,1,TA,243,2008,Gd,1,12.409013489526863
1526,8892,NAmes,1Fam,5,47,TA,74,2007,TA,0,11.747997587149712
1874,8530,Gilbert,1Fam,7,13,TA,192,2009,TA,1,12.034691028774553
2879,16059,NoRidge,1Fam,8,14,Gd,209,2006,Gd,1,12.468436909997665
1960,11911,Gilbert,1Fam,6,4,Gd,138,2009,Gd,1,12.066810578196666
1752,3951,Somerst,Twnhs,6,0,Gd,234,2009,Gd,0,12.010665849187564
1013,8470,IDOTRR,1Fam,3,27,Fa,0,2009,Fa,0,11.350406535472453
1578,8070,CollgCr,1Fam,4,12,TA,0,2007,TA,0,11.724805824005728
1460,7200,NAmes,1Fam,4,56,TA,29,2006,TA,0,11.607326140391713
2315,8500,NAmes,1Fam,5,45,TA,0,2006,TA,0,11.498826540590727
2109,13360,Crawfor,1Fam,5,3,TA,0,2009,TA,0,12.004568269319446
3843,7200,OldTown,2fmCon,6,9,TA,0,2007,TA,1,11.804848531679264
3118,9337,CollgCr,1Fam,6,10,TA,162,2007,Gd,0,12.229545001715316
2200,9765,Gilbert,1Fam,6,16,Ex,295,2009,TA,1,12.128111104060462
3222,10264,CollgCr,1Fam,7,7,Gd,187,2006,Gd,0,12.273731294003989
1912,10921,Edwards,1Fam,4,42,TA,120,2007,TA,0,11.458997122944673
1309,10625,Edwards,1Fam,5,60,TA,0,2010,TA,0,11.326595886778735
1794,9320,NAmes,1Fam,4,51,TA,352,2010,TA,0,11.76718001130949
3290,10603,NWAmes,1Fam,6,9,TA,236,2010,Gd,2,12.230765258120545
2208,9206,SawyerW,1Fam,6,25,Gd,238,2010,Gd,1,12.089538829274222
1945,7018,SawyerW,Duplex,5,30,TA,0,2009,TA,0,11.686576205316552
1966,10402,CollgCr,1Fam,7,1,TA,36,2010,Gd,0,12.200557464842063
2282,7758,IDOTRR,1Fam,7,57,TA,0,2007,TA,2,12.040608205802641
2640,9375,Somerst,1Fam,8,4,Gd,185,2008,Gd,1,12.429216196844383
1320,10800,OldTown,1Fam,4,12,TA,0,2007,TA,0,11.512925464970229
1312,6000,OldTown,1Fam,5,58,TA,0,2008,TA,0,11.652687407345388
1517,8500,IDOTRR,1Fam,5,2,TA,0,2007,Fa,0,11.652687407345388
3095,11751,NWAmes,1Fam,6,33,TA,122,2010,TA,1,12.154779351142624
2624,9525,Edwards,1Fam,6,34,TA,182,2006,TA,0,11.82700601127654
2080,7750,Gilbert,1Fam,7,10,TA,180,2010,TA,1,12.100712129872347
4472,9965,CollgCr,1Fam,7,0,Gd,304,2007,Ex,1,12.858319703517948
3613,21000,Crawfor,1Fam,6,54,TA,286,2007,Gd,2,12.287652632522597
3424,7259,Crawfor,1Fam,6,5,TA,224,2007,Gd,1,12.46651198158808
2317,3230,Somerst,Twnhs,6,8,TA,32,2007,TA,1,12.078239274020289
2220,11616,Sawyer,1Fam,5,47,TA,20,2009,TA,1,11.842229212112828
1555,8536,Edwards,1Fam,5,0,TA,144,2007,TA,0,11.951180395901384
5286,12376,SawyerW,1Fam,7,20,TA,367,2010,Gd,2,12.676076274775909
1846,8461,CollgCr,1Fam,6,0,Gd,24,2006,Gd,1,12.007560729337492
2466,21453,ClearCr,1Fam,6,37,TA,130,2006,TA,2,12.100712129872347
1387,6060,IDOTRR,1Fam,4,57,TA,0,2007,TA,0,11.512925464970229
1938,9464,NAmes,1Fam,6,50,TA,0,2008,TA,0,11.820410164718188
2029,7892,SawyerW,Twnhs,6,15,Gd,63,2008,Gd,0,11.94405831982697
2021,17043,NWAmes,1Fam,6,11,TA,192,2009,TA,1,12.106252310247962
1010,6780,IDOTRR,2fmCon,6,24,TA,53,2006,TA,0,11.344506813345266
1518,4928,NPkVill,Twnhs,6,31,TA,205,2007,TA,1,11.759785542901755
956,4388,OldTown,1Fam,5,57,TA,0,2007,TA,1,11.37366339763672
2313,7590,NAmes,1Fam,6,40,TA,296,2006,TA,1,11.951180395901384
2398,8973,NAmes,1Fam,5,15,TA,80,2006,Ex,0,11.918390573078392
3089,14200,NAmes,1Fam,7,40,TA,171,2006,Gd,2,12.328290278254423
3139,12224,Gilbert,1Fam,6,9,Gd,72,2009,Gd,1,12.404923504275338
2356,7388,NAmes,1Fam,5,5,TA,0,2007,Gd,0,11.923378114589433
2772,6853,Timber,1Fam,8,7,Gd,217,2009,Gd,0,12.301382825334498
2731,10335,Sawyer,1Fam,5,13,TA,96,2006,TA,1,12.100712129872347
2212,10400,NWAmes,1Fam,7,38,TA,98,2008,TA,1,12.066810578196666
2227,10355,NAmes,1Fam,5,40,TA,111,2007,TA,1,11.870599909242044
2725,11070,Mitchel,Duplex,7,17,TA,0,2006,TA,0,12.049418835484797
3180,9066,CollgCr,1Fam,8,8,Gd,330,2008,Gd,2,12.345834587905333
3055,15426,CollgCr,1Fam,6,12,TA,375,2009,Gd,0,12.352335152508426
1296,10500,NAmes,1Fam,4,39,TA,0,2010,TA,1,11.652687407345388
3694,11645,CollgCr,1Fam,7,1,Gd,184,2006,Gd,0,12.468436909997665
2612,8520,NAmes,1Fam,5,58,TA,0,2010,TA,0,12.01974306733868
2757,10335,CollgCr,1Fam,7,10,Gd,173,2009,Gd,0,12.225875272826354
3564,9100,Sawyer,Duplex,5,43,TA,0,2006,TA,0,11.736069016284437
2089,2522,Edwards,Twnhs,6,0,Gd,40,2006,Gd,0,11.77528972943772
1264,6120,BrkSide,1Fam,5,16,TA,48,2009,TA,0,11.56171562913966
2469,9505,Gilbert,1Fam,7,9,Gd,192,2010,Gd,1,12.312682380588432
1760,7500,SawyerW,1Fam,7,3,TA,0,2008,Gd,0,11.856515169360305
1584,6240,BrkSide,1Fam,5,56,TA,314,2006,TA,0,11.652687407345388
2125,10356,CollgCr,1Fam,5,32,TA,0,2007,TA,0,11.711776323715394
3976,13891,NridgHt,1Fam,8,0,Gd,102,2008,Gd,1,12.827729194939907
2904,14803,NWAmes,1Fam,6,35,TA,66,2006,TA,1,12.154779351142624
3325,13500,ClearCr,1Fam,6,33,TA,409,2008,TA,1,12.367340793126296
1512,11340,OldTown,1Fam,6,56,TA,0,2006,TA,0,11.736069016284437
1096,9600,Edwards,1Fam,6,58,TA,8,2008,TA,0,11.27720313144916
1665,7200,NAmes,1Fam,5,56,TA,0,2006,TA,0,11.603679828238693
2648,12003,Timber,1Fam,8,0,Gd,75,2010,Ex,1,12.504323669331189
2847,12552,Somerst,1Fam,7,5,Gd,136,2010,Gd,1,12.448626590364206
3095,19378,Gilbert,1Fam,7,0,Gd,371,2006,Gd,1,12.676076274775909
2408,11120,Veenker,1Fam,6,24,TA,0,2008,TA,0,11.998433280751929
4410,13688,NridgHt,1Fam,9,4,Gd,400,2008,Ex,2,12.929991484756872
3274,12182,NridgHt,1Fam,7,5,Gd,70,2010,Gd,1,12.301382825334498
882,5500,OldTown,1Fam,4,51,TA,0,2007,TA,0,11.544424132029599
2202,5400,OldTown,1Fam,6,3,TA,0,2007,Gd,0,11.931635799828413
1887,10106,Edwards,2fmCon,5,9,TA,140,2008,TA,0,11.755871643580617
3317,10708,ClearCr,1Fam,5,16,Gd,476,2009,TA,3,12.154779351142624
4238,10562,NridgHt,1Fam,8,0,Gd,298,2007,Ex,1,12.693498620467778
2160,8244,Gilbert,1Fam,7,3,Gd,148,2007,Gd,1,12.119969946476761
2218,16669,Timber,1Fam,8,25,Gd,638,2006,TA,1,12.337100907936577
1874,12358,OldTown,1Fam,5,57,TA,237,2007,TA,0,11.763684183317412
2823,31770,NAmes,1Fam,6,50,TA,272,2010,TA,2,12.2783933071098
2981,5306,StoneBr,Twnhs,7,19,Gd,476,2006,Gd,1,12.384218830913648
2528,10197,NAmes,1Fam,6,47,TA,20,2008,TA,1,12.0015054797889
3873,12416,Timber,1Fam,6,22,TA,192,2008,TA,1,12.122691036591123
3211,12615,Edwards,1Fam,6,6,TA,29,2007,Gd,1,12.400816722322686
3412,10029,ClearCr,1Fam,6,18,Gd,228,2007,TA,1,12.259613412458204
2869,13650,Sawyer,1Fam,5,48,Gd,0,2006,Gd,1,12.058152515453552
5304,17423,StoneBr,1Fam,9,0,Ex,60,2009,Ex,1,13.1260306447518
1448,8520,OldTown,1Fam,5,1,Gd,0,2007,TA,0,11.512925464970229
2401,2117,Somerst,Twnhs,6,7,Gd,0,2007,Gd,1,12.083905011555967
2370,7588,Crawfor,1Fam,7,56,TA,0,2006,TA,1,12.206572520571825
1592,9060,Edwards,1Fam,5,1,TA,116,2007,TA,1,11.695247021764184
2566,11426,OldTown,1Fam,7,5,TA,518,2008,Gd,0,12.206072645530174
1828,7438,BrkSide,1Fam,5,15,TA,104,2006,TA,0,11.751942365440728
3876,22950,OldTown,1Fam,10,13,Gd,260,2006,Ex,2,13.071070083016778
2325,9947,Mitchel,1Fam,7,18,TA,195,2009,Gd,0,12.061046873479915
1692,10410,OldTown,1Fam,5,22,TA,0,2009,TA,0,11.813030057420567
2838,7018,SawyerW,Duplex,5,30,TA,120,2009,TA,2,11.940393392554734
3428,4923,StoneBr,Twnhs,8,6,Gd,120,2008,Ex,1,12.56374708980199
3464,10570,Crawfor,1Fam,8,13,Gd,74,2007,Gd,2,12.66032791780777
2589,7472,NAmes,1Fam,7,3,TA,32,2007,Gd,0,12.122691036591123
2657,9017,CollgCr,1Fam,7,10,Gd,35,2009,Gd,0,12.165250651009918
2089,2522,Edwards,Twnhs,7,2,Gd,40,2006,Gd,0,11.77528972943772
1606,7180,CollgCr,1Fam,5,36,TA,0,2008,TA,0,11.751942365440728
2462,2280,NPkVill,Twnhs,6,33,TA,87,2009,TA,1,11.908340237224891
3638,9416,Somerst,1Fam,7,0,Ex,309,2007,Ex,1,12.650348126203179
4735,25419,NAmes,1Fam,8,16,Gd,16,2006,Gd,1,12.367340793126296
1858,5520,OldTown,1Fam,6,59,TA,198,2009,TA,0,11.55214617812351
3657,9591,NridgHt,1Fam,8,4,Gd,26,2009,Ex,1,12.524162674153336
1561,8546,Edwards,1Fam,4,6,TA,196,2010,TA,0,11.84939770159144
2672,10125,Mitchel,1Fam,6,31,TA,321,2008,TA,2,12.052338545588132
2325,7000,OldTown,1Fam,6,56,TA,0,2006,TA,0,11.626254150277232
1930,4438,CollgCr,Twnhs,6,4,Gd,149,2008,Gd,1,11.911701584927597
1836,3500,OldTown,1Fam,5,59,TA,35,2009,TA,0,11.608235644774552
1942,11851,Gilbert,1Fam,7,19,TA,34,2009,TA,0,12.103486056755072
2045,13673,Sawyer,1Fam,5,45,TA,30,2007,TA,1,11.876873892875459
2137,12493,NAmes,1Fam,4,48,TA,355,2008,TA,1,11.856515169360305
3581,14364,SawyerW,1Fam,7,18,Gd,115,2007,TA,1,12.531772785169476
2383,8250,NAmes,1Fam,6,44,TA,0,2008,TA,0,11.884489021402711
1332,5604,Edwards,1Fam,5,58,TA,0,2008,TA,0,11.49272275765271
1708,10420,Edwards,1Fam,6,1,TA,122,2010,Gd,0,12.133501952695338
3318,8640,Somerst,1Fam,7,0,TA,276,2009,Gd,1,12.439871229831715
2282,13568,CollgCr,1Fam,5,11,TA,224,2006,TA,0,11.957611286231675
2069,10900,CollgCr,1Fam,6,33,TA,36,2010,TA,0,11.993807212363148
2043,10011,NAmes,1Fam,5,10,TA,0,2006,Gd,1,11.80894766169701
2866,8450,CollgCr,1Fam,7,4,Gd,237,2008,Gd,0,12.254862809699606
1538,9906,OldTown,1Fam,4,56,TA,172,2006,TA,0,11.580584113444043
2726,15660,Crawfor,1Fam,7,2,Gd,119,2008,Gd,2,12.649154617209645
1702,3010,Blmngtn,Twnhs,7,0,Gd,108,2006,Gd,0,12.0271851854705
2173,8990,CollgCr,1Fam,7,0,Gd,384,2006,Gd,0,12.230277334226992
2657,8068,Gilbert,1Fam,6,7,Gd,166,2009,Gd,1,12.206072645530174
2536,11475,NWAmes,1Fam,6,31,TA,417,2006,TA,1,12.100156419938624
2144,10500,NAmes,1Fam,4,38,TA,216,2009,TA,0,11.48246625748552
3416,13472,NridgHt,1Fam,10,6,Ex,353,2009,Ex,1,12.864240107194092
1582,1680,BrDale,Twnhs,5,38,TA,0,2009,TA,0,11.626254150277232
3806,9950,NoRidge,1Fam,7,12,Gd,338,2007,Gd,1,12.577636201962656
1588,1869,BrDale,Twnhs,6,38,TA,0,2008,TA,0,11.571194373094205
2090,8521,Sawyer,1Fam,5,43,TA,0,2010,TA,1,11.736069016284437
2001,3182,Blmngtn,Twnhs,7,3,Gd,163,2009,Gd,1,12.167851432709975
1506,8760,NAmes,1Fam,6,51,TA,0,2010,TA,0,11.904967552746252
4293,15138,NoRidge,1Fam,8,13,Gd,146,2009,Ex,1,12.90669184092882
1275,1680,BrDale,Twnhs,6,34,TA,0,2006,TA,1,11.456355113481834
2096,10650,CollgCr,1Fam,5,34,TA,365,2010,TA,0,11.761346823468706
3025,7851,Gilbert,1Fam,6,8,Gd,336,2010,Gd,2,12.285345826424681
1609,1680,BrDale,Twnhs,6,37,TA,0,2008,TA,0,11.401993904262946
1932,8773,CollgCr,1Fam,7,6,Gd,237,2010,Gd,0,12.130810161029627
2603,9453,SawyerW,1Fam,7,7,Gd,440,2010,Gd,0,12.178187442040638
2512,12030,NridgHt,1Fam,8,0,Ex,396,2007,Gd,0,12.669806661762314
1801,8741,Edwards,1Fam,6,60,TA,140,2010,TA,1,11.635143097694478
3394,9000,Somerst,1Fam,8,2,Gd,312,2010,Gd,0,12.478006361013815
1195,3880,OldTown,1Fam,5,10,TA,100,2007,Gd,0,11.612770799939945
1792,5000,OldTown,1Fam,5,56,TA,0,2006,TA,0,11.27720313144916
1505,10762,SawyerW,Twnhs,6,29,TA,28,2009,TA,1,11.695247021764184
3268,8880,SawyerW,1Fam,7,8,Gd,130,2010,Gd,2,12.230765258120545
3405,10400,NWAmes,1Fam,7,18,TA,236,2006,TA,1,12.394624752074764
2368,9142,OldTown,2fmCon,6,56,TA,60,2006,Fa,0,11.827736204810263
1826,11310,NAmes,1Fam,6,52,TA,30,2006,TA,1,11.84939770159144
2168,11317,CollgCr,1Fam,7,4,Gd,212,2007,Gd,0,12.100712129872347
3230,159000,ClearCr,1Fam,6,1,Gd,98,2007,Gd,2,12.531772785169476
1306,5350,BrkSide,1Fam,3,44,TA,263,2010,Fa,0,11.245046019814627
3736,4750,Crawfor,Twnhs,8,0,Gd,123,2007,Gd,1,12.367340793126296
2160,8366,SawyerW,1Fam,6,4,Gd,183,2008,Gd,0,12.061046873479915
2461,9350,NAmes,1Fam,6,16,TA,333,2007,Gd,0,11.970350312009105
2530,8400,NAmes,1Fam,5,53,TA,250,2010,TA,0,11.884489021402711
2720,8738,Gilbert,1Fam,7,7,Gd,192,2006,Gd,1,12.345834587905333
2904,8791,Somerst,1Fam,6,5,Gd,272,2008,Gd,0,12.24288661865289
3598,8814,CollgCr,1Fam,7,3,Gd,233,2009,Gd,1,12.301382825334498
2717,12435,CollgCr,1Fam,7,7,Gd,96,2008,Gd,1,12.352335152508426
1190,12702,OldTown,1Fam,5,52,TA,45,2008,TA,0,11.48246625748552
3628,19296,NAmes,1Fam,6,47,TA,0,2009,TA,1,12.078239274020289
3442,9588,CollgCr,1Fam,8,0,Gd,148,2007,Ex,1,12.528156144699286
2210,8471,Sawyer,1Fam,6,11,TA,304,2006,TA,1,11.925035115797062
2336,5500,OldTown,1Fam,5,9,TA,0,2010,TA,0,11.77528972943772
1268,5232,OldTown,1Fam,5,4,TA,0,2008,TA,0,11.198214720130528
2814,12090,NWAmes,1Fam,6,27,TA,276,2008,Gd,1,12.075394321888057
2638,11207,Gilbert,1Fam,6,9,TA,170,2006,TA,1,12.128111104060462
2390,8400,SWISU,1Fam,5,11,TA,286,2008,Gd,1,12.097930486910471
2230,6900,IDOTRR,1Fam,5,53,TA,25,2008,TA,1,11.699405031912846
2368,7917,Edwards,1Fam,6,31,TA,400,2007,TA,1,11.904967552746252
2992,10728,Somerst,1Fam,8,0,Gd,243,2006,Gd,1,12.491251587763836
3091,39104,ClearCr,1Fam,7,3,TA,81,2008,TA,2,12.394624752074764
3465,11764,NoRidge,1Fam,8,3,Gd,189,2010,Gd,1,12.577636201962656
3210,9600,NAmes,1Fam,6,21,TA,289,2009,TA,1,11.842229212112828
1626,8314,Mitchel,1Fam,5,25,TA,168,2007,TA,0,11.732060994886899
2220,7264,BrkSide,1Fam,7,2,Gd,74,2009,Ex,0,12.230765258120545
2133,9196,Mitchel,1Fam,7,7,Gd,250,2010,Gd,0,12.211060187041213
1384,19138,Gilbert,1Fam,4,59,TA,0,2010,TA,0,11.856515169360305
2853,14450,NridgHt,1Fam,9,0,Ex,222,2007,Ex,1,12.936751613811438
2919,10005,ClearCr,1Fam,7,31,TA,405,2008,TA,1,12.165250651009918
2978,11287,SawyerW,1Fam,7,18,Gd,84,2007,Gd,1,12.339291489316397
2739,7200,Somerst,1Fam,6,0,Gd,120,2006,Gd,0,12.128111104060462
2844,5063,NridgHt,Twnhs,7,1,Gd,234,2009,Gd,1,12.24288661865289
2366,9612,Somerst,1Fam,8,0,Gd,360,2009,Gd,1,12.407379502235209
2534,8012,SawyerW,Twnhs,6,15,Gd,0,2007,Gd,0,12.096257779522967
1778,4251,Somerst,Twnhs,7,0,Gd,54,2007,Gd,0,12.011880916165731
2774,9786,NAmes,1Fam,6,25,TA,0,2006,Gd,1,11.976659481202368
1472,8125,NAmes,1Fam,4,35,TA,0,2006,TA,0,11.385092093460344
1630,9819,Sawyer,1Fam,5,43,TA,0,2010,TA,0,11.711776323715394
1780,8730,BrkSide,1Fam,6,4,TA,0,2007,TA,0,11.941944326032129
2604,15611,CollgCr,1Fam,8,0,Gd,51,2006,Gd,1,12.359780370124389
1926,5687,SWISU,2fmCon,5,8,TA,184,2008,Fa,0,11.819674600139235
2289,11409,Edwards,1Fam,5,1,TA,0,2009,TA,1,11.782952602183288
3597,16659,NWAmes,1Fam,7,12,TA,250,2006,Gd,1,12.367340793126296
3347,9600,NAmes,1Fam,6,56,TA,110,2009,TA,2,12.025749091398891
2410,7937,Mitchel,1Fam,6,22,TA,120,2006,TA,0,11.867097278690842
2260,13710,IDOTRR,1Fam,5,57,TA,289,2007,TA,0,11.931635799828413
3175,7399,Somerst,1Fam,7,9,Gd,10,2007,Gd,1,12.384218830913648
2841,11700,NWAmes,1Fam,6,39,Gd,224,2007,TA,1,12.072541252905651
1452,14000,Crawfor,1Fam,6,5,TA,36,2009,Gd,1,11.973509872299472
2552,15750,Crawfor,2fmCon,5,53,TA,0,2006,TA,2,11.964001084330445
3416,16226,CollgCr,1Fam,8,8,Gd,258,2007,Gd,1,12.495003937382387
2384,13704,CollgCr,1Fam,7,4,Gd,549,2006,Gd,1,12.230765258120545
2340,9800,CollgCr,1Fam,5,34,TA,256,2006,TA,0,11.917723684090689
4363,18386,OldTown,1Fam,7,6,TA,302,2008,Gd,1,12.594730635321957
4352,10386,CollgCr,1Fam,8,2,Gd,168,2007,Gd,0,12.631013530138995
3689,13474,SawyerW,1Fam,7,16,Gd,171,2007,Gd,1,12.323855681186558
1406,7920,IDOTRR,1Fam,6,58,TA,144,2008,Fa,0,11.401993904262946
1662,12342,Edwards,1Fam,4,59,TA,158,2009,TA,0,11.320553572322773
3926,12378,NridgHt,1Fam,9,2,Gd,383,2006,Ex,3,12.793859310432293
2439,7685,Gilbert,1Fam,6,12,TA,253,2006,Gd,1,12.017330520933296
1892,8000,NAmes,1Fam,6,7,TA,0,2009,TA,1,11.790557201568507
2035,7800,OldTown,2fmCon,5,56,TA,0,2006,TA,1,11.694413341015606
4605,215245,Timber,1Fam,7,44,TA,0,2009,TA,2,12.834681304952548
2203,9600,OldTown,1Fam,7,16,TA,0,2006,Ex,1,12.089538829274222
2289,7795,Gilbert,1Fam,7,4,Gd,151,2009,Gd,1,12.146853285870202
3529,13005,NWAmes,1Fam,7,29,Gd,483,2009,Ex,1,12.468436909997665
2984,9000,Somerst,1Fam,8,1,Gd,254,2007,Gd,1,12.506177237980511
4289,9900,NoRidge,1Fam,7,16,Gd,400,2009,Gd,1,12.468436909997665
3096,14115,NWAmes,1Fam,7,29,TA,281,2009,TA,2,12.141534124392603
3436,16259,NridgHt,1Fam,9,0,TA,394,2006,Gd,0,12.7444443677961
4310,12099,NridgHt,1Fam,8,3,Gd,338,2007,Gd,1,12.777052192115912
4808,10380,SawyerW,1Fam,7,20,Gd,297,2007,Gd,1,12.614865543731012
1639,5820,OldTown,1Fam,3,1,TA,240,2006,TA,0,11.745425111208464
3542,11275,NAmes,1Fam,7,3,Gd,240,2010,Gd,1,12.396693005138824
1279,5000,IDOTRR,1Fam,5,57,TA,0,2007,TA,0,11.37366339763672
3811,10846,Veenker,Twnhs,8,15,Gd,152,2008,Gd,2,12.688498794774466
2240,11600,NAmes,1Fam,6,46,TA,45,2006,TA,0,11.886211674714158
2575,11888,BrkSide,1Fam,6,15,TA,60,2009,Gd,0,12.27606501735021
1381,6402,IDOTRR,1Fam,5,59,TA,0,2009,TA,0,11.26446410567173
2384,10624,NAmes,Duplex,5,43,TA,155,2007,TA,0,11.686878772093667
2210,8176,NAmes,1Fam,5,15,TA,0,2007,TA,0,11.842229212112828
4112,10655,NridgHt,1Fam,8,5,Gd,0,2009,Gd,1,12.556729517143344
2562,8198,NridgHt,Twnhs,7,4,Gd,222,2008,Gd,1,12.240474072247506
2938,9042,Gilbert,1Fam,6,10,TA,138,2008,TA,2,12.165250651009918
3711,164660,Timber,2fmCon,5,43,TA,670,2008,TA,2,12.341258918085241
3847,14157,StoneBr,1Fam,9,1,Gd,229,2007,Gd,1,12.841129801965447
2878,9135,CollgCr,1Fam,7,5,Gd,266,2008,Gd,0,12.273731294003989
2274,14145,NWAmes,1Fam,7,8,Gd,153,2006,Gd,0,12.218495165528731
2097,12400,NAmes,1Fam,6,11,TA,0,2009,TA,0,11.951180395901384
2339,14191,Timber,1Fam,8,8,Gd,135,2010,Gd,0,12.220468525813907
1135,8400,SawyerW,1Fam,4,59,Fa,250,2009,TA,0,11.314474526246391
1440,8544,NAmes,Duplex,3,56,TA,0,2006,TA,0,11.379394072345706
2276,8849,NridgHt,Twnhs,9,3,Ex,567,2008,Ex,1,12.491251587763836
1809,2592,MeadowV,Twnhs,5,34,TA,182,2010,TA,0,11.350406535472453
1889,6435,BrkSide,1Fam,6,56,TA,0,2006,Fa,1,11.850825253582627
1757,12772,NAmes,1Fam,6,9,TA,0,2007,TA,0,11.928340903931561
3246,17600,NAmes,1Fam,6,49,TA,40,2009,TA,2,11.967180737247824
2673,2448,NridgHt,Twnhs,7,4,Gd,27,2008,Gd,0,11.944707881395766
4844,20431,NridgHt,1Fam,9,0,Ex,0,2006,Ex,2,12.988040814744458
2486,7820,NridgHt,Twnhs,9,0,Ex,264,2007,Ex,1,12.669998467265833
2980,5271,ClearCr,1Fam,7,20,TA,80,2006,Gd,1,12.154779351142624
1927,9084,Edwards,1Fam,5,58,TA,48,2008,TA,0,11.461632170582678
1204,8520,OldTown,1Fam,6,7,TA,106,2010,TA,0,11.570250531589497
2223,8400,SWISU,1Fam,6,6,TA,0,2006,TA,2,11.84939770159144
2599,11249,CollgCr,1Fam,6,12,Gd,26,2007,Gd,0,12.086725887897607
2127,9248,Gilbert,1Fam,6,17,TA,146,2009,Gd,0,12.061046873479915
2544,4224,MeadowV,Twnhs,5,31,TA,626,2007,TA,1,11.805595078933049
2234,6930,ClearCr,1Fam,5,48,TA,168,2006,Gd,0,11.77528972943772
3472,12011,NoRidge,1Fam,8,8,Gd,283,2006,Gd,1,12.542544882151386
2155,7540,Mitchel,1Fam,6,29,TA,0,2007,TA,1,11.957611286231675
2144,9144,BrkSide,1Fam,5,26,TA,0,2008,TA,0,11.884489021402711
2594,7301,Edwards,1Fam,7,6,Gd,0,2009,Gd,1,12.198544379109382
1413,1680,BrDale,Twnhs,6,2,TA,250,2009,Gd,0,11.678439903447801
2852,18800,NWAmes,1Fam,6,30,TA,417,2006,TA,1,12.154779351142624
2268,10690,IDOTRR,1Fam,5,12,TA,128,2009,TA,0,11.898187865760873
2517,9500,NAmes,1Fam,6,46,TA,76,2009,TA,2,11.976659481202368
2098,9150,NAmes,1Fam,6,46,TA,174,2008,TA,1,12.013700752882718
2052,7800,NAmes,1Fam,5,56,TA,98,2010,TA,1,11.790557201568507
2193,9830,NAmes,1Fam,5,4,TA,381,2010,Gd,1,11.99535161421452
2124,8121,Gilbert,1Fam,6,6,TA,140,2006,TA,1,12.05757263721173
2268,17120,ClearCr,1Fam,4,49,TA,59,2008,TA,1,11.808813773969108
1760,7175,SawyerW,Twnhs,6,26,TA,353,2010,TA,0,11.736069016284437
2197,10634,NAmes,1Fam,5,56,TA,66,2009,TA,0,11.719939634354555
2362,8200,CollgCr,1Fam,7,3,Gd,148,2007,Gd,1,12.299107511497363
1254,10020,Edwards,1Fam,1,59,Fa,0,2009,Fa,0,11.018629143155449
1788,8846,CollgCr,1Fam,5,10,Gd,0,2006,TA,0,11.904967552746252
3076,11143,Somerst,1Fam,8,2,Gd,373,2007,Gd,1,12.736700896592344
4135,11394,StoneBr,1Fam,9,0,Gd,113,2010,Ex,1,12.885202034321916
2263,8123,Gilbert,1Fam,6,9,TA,163,2009,TA,1,12.095141084822892
2217,5000,SWISU,1Fam,5,60,TA,0,2010,Gd,1,11.751942365440728
1873,7200,Somerst,1Fam,7,0,Gd,337,2006,Gd,1,12.142866569626381
2436,9245,CollgCr,1Fam,7,1,Gd,197,2007,Gd,0,12.271392111650817
1144,9000,SawyerW,1Fam,6,59,TA,0,2009,TA,0,11.238488619268468
3439,53107,ClearCr,1Fam,6,15,Gd,447,2007,Gd,2,12.388394202324129
1723,3182,Blmngtn,Twnhs,8,5,Gd,166,2010,Gd,1,12.165250651009918
1184,8410,Edwards,1Fam,5,10,TA,151,2006,TA,0,11.302204433654575
2108,7200,Edwards,1Fam,6,33,TA,296,2009,TA,1,11.736069016284437
2056,9382,CollgCr,1Fam,7,8,Gd,145,2008,Gd,0,12.160028707028767
4458,12474,NridgHt,1Fam,10,0,Ex,330,2008,Ex,1,12.962194625251508
2383,8405,Edwards,1Fam,5,58,TA,130,2008,TA,0,11.686878772093667
3211,12209,Mitchel,1Fam,6,7,TA,317,2009,Gd,1,12.2783933071098
1176,8339,NAmes,1Fam,5,48,TA,0,2007,TA,0,11.575900264131617
1054,7446,BrkSide,1Fam,4,56,TA,0,2006,TA,2,11.512925464970229
1274,10134,OldTown,1Fam,5,57,TA,39,2007,TA,0,11.59910316121128
2479,9571,Edwards,1Fam,5,54,TA,44,2010,TA,0,11.76756768334381
2271,7200,CollgCr,1Fam,5,37,TA,215,2009,TA,0,11.719939634354555
2616,7590,NAmes,1Fam,5,45,TA,168,2007,TA,1,12.040608205802641
1415,8967,IDOTRR,1Fam,5,57,TA,0,2007,TA,0,11.112447898373103
2800,8125,Somerst,1Fam,7,2,Gd,168,2009,Gd,0,12.392552212472792
2574,14963,Veenker,Twnhs,8,12,Gd,150,2008,Ex,2,12.411052226216713
1734,8767,CollgCr,1Fam,7,1,Gd,0,2006,Gd,1,12.01364014498549
912,10200,Sawyer,1Fam,5,11,TA,168,2008,TA,0,11.589886506106357
2683,12090,NoRidge,1Fam,8,8,Gd,267,2006,Gd,1,12.460714863903755
1945,10364,Gilbert,1Fam,6,11,TA,40,2007,TA,1,12.031719258385396
3226,9991,Sawyer,1Fam,4,16,TA,198,2009,TA,1,11.918390573078392
1406,10480,SWISU,1Fam,6,58,TA,0,2008,TA,0,11.652687407345388
1988,15576,Crawfor,1Fam,6,32,TA,0,2008,TA,0,12.083905011555967
3119,14154,NridgHt,1Fam,7,1,Gd,254,2007,Gd,1,12.542544882151386
3703,10800,Somerst,1Fam,8,0,Gd,102,2008,Ex,1,12.73596533201339
1626,9571,Edwards,1Fam,5,51,TA,0,2009,TA,0,11.002099841204238
2684,34650,Gilbert,2fmCon,5,51,TA,264,2006,TA,0,11.884489021402711
2540,4403,Somerst,1Fam,7,1,Ex,144,2010,Gd,1,12.310432660854417
1388,8960,OldTown,1Fam,5,60,TA,0,2010,TA,1,11.652687407345388
3356,11228,SawyerW,1Fam,7,15,Gd,383,2008,Gd,1,12.337100907936577
1760,8899,Gilbert,1Fam,7,0,Gd,130,2007,Gd,0,12.106992367829498
2049,7844,Sawyer,1Fam,6,28,TA,0,2006,TA,1,11.915051671812877
4616,22420,Crawfor,1Fam,6,57,TA,0,2007,TA,1,12.384218830913648
1686,8160,Edwards,1Fam,5,57,TA,0,2007,TA,0,11.744037185933616
2135,8450,NAmes,1Fam,5,42,TA,85,2010,TA,1,11.863582336583399
3437,7060,Mitchel,Duplex,7,10,TA,0,2008,TA,0,12.237086699059343
3377,16635,NWAmes,1Fam,6,9,Gd,240,2009,Gd,1,12.2783933071098
1508,21750,Mitchel,1Fam,5,54,TA,0,2008,TA,0,11.635143097694478
4312,9200,NoRidge,1Fam,8,10,Gd,66,2008,Gd,1,12.66032791780777
2109,9000,NAmes,1Fam,6,52,TA,44,2008,TA,1,11.842229212112828
1629,3378,OldTown,1Fam,7,17,TA,0,2009,TA,2,11.813030057420567
3731,12800,SawyerW,1Fam,7,20,Gd,80,2009,Gd,1,12.524526376648708
1547,8593,NAmes,1Fam,4,51,TA,0,2008,TA,0,11.59917655301345
2500,6762,CollgCr,1Fam,7,0,Gd,159,2007,Gd,0,12.182804018590819
2993,11457,Timber,1Fam,6,21,TA,0,2009,Gd,1,12.072541252905651
1638,1680,BrDale,Twnhs,6,37,TA,0,2008,TA,0,11.355101379776661
1198,5586,OldTown,1Fam,6,10,TA,98,2008,TA,0,11.288531131754366
2276,1920,BrDale,Twnhs,5,36,TA,276,2007,TA,0,11.715866308966918
2074,10839,Gilbert,1Fam,6,10,TA,36,2008,TA,1,12.106252310247962
1125,1890,MeadowV,Twnhs,4,36,TA,88,2008,TA,0,11.302204433654575
2940,10667,CollgCr,1Fam,7,13,Gd,219,2009,Gd,1,12.26434155365415
1558,4400,OldTown,1Fam,6,56,TA,0,2006,TA,0,11.661345470088502
1084,6000,BrkSide,1Fam,6,5,Gd,0,2009,TA,0,11.686878772093667
1411,4280,Crawfor,1Fam,5,5,TA,0,2007,Gd,1,11.411446296020374
1724,12354,Edwards,1Fam,6,9,TA,46,2009,Gd,0,11.608235644774552
5380,15431,NridgHt,1Fam,10,1,Ex,72,2009,Ex,2,13.226723392728571
1573,12108,Edwards,Duplex,4,53,TA,0,2008,Fa,0,11.678439903447801
1933,6240,BrkSide,1Fam,5,16,TA,0,2008,TA,1,12.000891794590137
1906,3922,Blmngtn,Twnhs,7,0,Gd,160,2007,Gd,1,12.058152515453552
3043,8750,CollgCr,1Fam,7,13,Gd,277,2008,Gd,1,12.254862809699606
2169,9855,Edwards,1Fam,6,53,TA,0,2009,TA,1,11.755871643580617
3426,16492,NAmes,1Fam,6,8,Gd,0,2010,Gd,1,12.154779351142624
2317,11214,Gilbert,1Fam,7,7,Gd,89,2006,Gd,1,12.205572520488492
1574,8600,IDOTRR,1Fam,6,56,TA,0,2006,TA,1,11.691071650353702
1822,6000,OldTown,1Fam,3,5,TA,176,2007,TA,0,11.695247021764184
1083,5684,OldTown,1Fam,6,1,TA,113,2006,Gd,0,11.608235644774552
2764,70761,ClearCr,1Fam,7,31,TA,254,2006,Gd,2,12.542544882151386
2920,9303,Timber,1Fam,6,10,Gd,266,2007,TA,0,12.225875272826354
2266,9000,Somerst,1Fam,8,1,Gd,30,2009,Gd,0,12.254862809699606
3894,9297,Mitchel,Duplex,5,30,TA,0,2006,TA,0,12.144197241812087
2686,9600,NWAmes,1Fam,7,34,TA,0,2007,TA,1,12.075394321888057
1857,4571,OldTown,1Fam,5,58,TA,0,2008,TA,0,11.49272275765271
3308,53227,ClearCr,1Fam,4,14,TA,361,2008,Gd,2,12.4529327234617
1894,5100,OldTown,1Fam,8,12,TA,255,2008,Gd,1,11.9891596439666
1740,7015,BrkSide,1Fam,5,59,TA,0,2009,Gd,1,11.608235644774552
3031,8004,Somerst,1Fam,8,0,Gd,150,2009,TA,0,12.481561937216318
2271,7200,SWISU,1Fam,7,2,Gd,256,2009,Gd,0,11.951180395901384
2088,8281,Sawyer,1Fam,5,44,TA,0,2009,TA,1,11.041048081342682
2226,11988,Crawfor,1Fam,6,13,TA,0,2008,TA,1,12.147913731356642
1656,8430,CollgCr,1Fam,5,31,TA,0,2009,TA,0,11.728036844587175
1812,3072,Blmngtn,Twnhs,7,2,Gd,164,2006,Gd,1,12.093687514935382
2581,10628,NAmes,1Fam,7,37,TA,0,2007,TA,1,12.025749091398891
2342,9480,NAmes,1Fam,5,12,TA,168,2007,Gd,2,11.894780707439258
2500,11428,NridgHt,1Fam,8,1,Gd,44,2007,Gd,1,12.429216196844383
2642,9291,SawyerW,1Fam,6,15,Gd,214,2008,Gd,0,12.138863895836725
3518,6820,StoneBr,Twnhs,8,25,Gd,54,2010,Gd,0,12.26434155365415
2503,11952,NWAmes,1Fam,7,30,TA,0,2007,TA,1,12.154779351142624
2056,3675,Edwards,Twnhs,6,3,TA,28,2008,TA,0,11.904967552746252
4234,14977,NridgHt,1Fam,8,0,Gd,313,2007,Gd,1,12.994530005894443
3347,5330,StoneBr,Twnhs,8,7,Gd,144,2007,Ex,0,12.43320821811392
2224,8480,Sawyer,1Fam,5,44,TA,24,2007,TA,0,11.794337924408413
2995,13125,CollgCr,1Fam,6,10,TA,179,2008,Gd,1,12.249610947544657
3337,13693,NridgHt,1Fam,9,1,Ex,498,2007,Ex,1,12.84792653170257
3832,10637,CollgCr,1Fam,8,1,Gd,252,2009,Gd,1,12.601487417784837
1971,5925,OldTown,1Fam,4,7,TA,72,2007,TA,0,11.401669829409995
3883,16033,NridgHt,1Fam,9,1,Gd,631,2006,Gd,1,12.694652660348845
4233,11846,NridgHt,1Fam,9,2,Gd,255,2006,Ex,1,12.832011076396668
2289,2500,OldTown,1Fam,7,4,Gd,0,2009,Ex,1,11.951180395901384
2515,4500,Mitchel,Twnhs,6,8,TA,125,2006,TA,0,12.007621706806335
1851,7758,Sawyer,1Fam,5,6,TA,132,2007,Gd,0,11.794337924408413
1984,9600,NAmes,1Fam,5,2,Gd,80,2009,Gd,1,11.898187865760873
2424,10289,NAmes,1Fam,5,42,TA,0,2007,TA,0,11.957611286231675
2969,12243,NWAmes,1Fam,5,36,TA,224,2007,TA,1,12.072541252905651
3598,10800,OldTown,2fmCon,5,36,TA,142,2006,TA,1,11.982929094215963
1431,1526,MeadowV,Twnhs,4,7,TA,0,2009,Gd,0,11.362102575235644
1640,2665,MeadowV,Twnhs,5,32,TA,165,2008,TA,1,11.652687407345388
2386,9490,NAmes,1Fam,6,56,TA,0,2006,Fa,2,11.79810440720389
1885,15578,Gilbert,1Fam,6,0,Gd,0,2006,TA,0,12.059803326028716
2483,7931,NAmes,1Fam,5,48,TA,0,2008,TA,1,11.951180395901384
1159,5784,OldTown,1Fam,5,13,TA,164,2009,TA,0,11.421906066583059
1215,7879,IDOTRR,1Fam,4,59,TA,523,2009,TA,0,10.460242108190519
5005,12692,NoRidge,1Fam,8,14,Gd,339,2007,Gd,1,12.971540487669746
2389,9120,BrkSide,1Fam,7,58,TA,100,2008,TA,0,12.122691036591123
1637,7800,Sawyer,1Fam,5,5,TA,64,2009,Gd,0,11.77528972943772
1599,7535,NAmes,1Fam,5,22,TA,297,2007,TA,0,11.695247021764184
1838,1890,BrDale,Twnhs,6,34,TA,172,2007,TA,0,11.635143097694478
2771,9803,Somerst,1Fam,7,3,Gd,108,2008,Gd,0,12.33138283649562
2469,9170,Edwards,1Fam,5,42,TA,0,2007,TA,0,11.84939770159144
3532,15602,Crawfor,1Fam,7,13,TA,54,2010,TA,2,12.57418196709457
2514,2308,NPkVill,Twnhs,6,35,TA,260,2009,TA,1,11.898187865760873
2360,7596,OldTown,Duplex,5,57,TA,0,2009,TA,0,11.732060994886899
2762,9554,SawyerW,1Fam,8,12,Gd,263,2006,Gd,1,12.2783933071098
1921,7862,Somerst,1Fam,6,0,Gd,102,2009,Gd,0,12.246734627249063
1879,9600,OldTown,1Fam,7,3,TA,0,2008,Gd,1,11.9891596439666
2302,9600,NAmes,1Fam,5,50,TA,312,2009,TA,0,11.732060994886899
2481,14559,NAmes,1Fam,5,9,Gd,366,2009,TA,2,12.01309450854769
1842,6792,NridgHt,Twnhs,7,0,Gd,167,2006,Gd,1,12.219309648562168
2183,9100,NAmes,1Fam,5,48,TA,0,2006,TA,0,11.77452020265869
1900,9187,Mitchel,1Fam,6,24,TA,120,2007,TA,0,11.805595078933049
989,10594,Crawfor,1Fam,5,57,TA,0,2007,TA,0,11.477298287327077
4356,12220,NridgHt,1Fam,10,0,Ex,210,2009,Ex,1,12.906346868281233
2702,10448,NWAmes,1Fam,6,37,TA,104,2009,TA,1,11.970350312009105
3233,10208,NoRidge,1Fam,7,12,Gd,220,2009,Gd,1,12.487485104968359
3048,9531,CollgCr,1Fam,6,9,TA,36,2007,TA,0,12.259613412458204
2362,10918,Crawfor,1Fam,7,5,Gd,0,2009,Gd,2,12.363076394339839
1294,10800,OldTown,2fmCon,4,8,TA,334,2008,TA,0,11.573550086786664
2357,11988,NAmes,1Fam,6,50,TA,40,2007,TA,2,11.918390573078392
2483,5000,BrkSide,1Fam,6,56,TA,24,2006,TA,2,11.976659481202368
7820,40094,Edwards,1Fam,10,-1,Ex,614,2007,Ex,1,12.126758838810447
3951,11787,NoRidge,1Fam,7,10,Gd,299,2007,Gd,1,12.662706040212738
1719,7500,Somerst,1Fam,7,1,Gd,182,2006,Gd,1,12.078239274020289
1557,13300,NAmes,1Fam,5,7,TA,261,2007,TA,0,11.790557201568507
4901,14948,NridgHt,1Fam,9,0,Ex,192,2008,Ex,1,13.008659261632127
953,9098,Edwards,1Fam,4,5,TA,0,2007,TA,0,11.362102575235644
4218,32668,Crawfor,1Fam,6,32,Gd,0,2007,TA,2,12.209187788430318
2892,10200,Timber,1Fam,6,19,Gd,224,2008,Gd,1,12.072541252905651
1864,6155,BrkSide,1Fam,6,9,TA,0,2008,TA,0,11.759785542901755
1219,7200,NAmes,1Fam,5,3,TA,0,2010,TA,1,11.585246126549855
334,5000,BrkSide,1Fam,1,57,Fa,0,2007,Fa,0,10.578979797857352
1817,9056,Gilbert,1Fam,8,2,Gd,135,2006,Gd,1,12.089538829274222
2316,7000,Edwards,2fmCon,5,17,TA,85,2008,TA,0,11.585246126549855
2251,8924,CollgCr,1Fam,7,9,TA,275,2008,Gd,0,12.144197241812087
2040,12735,NAmes,1Fam,4,36,TA,216,2008,TA,0,11.619535200028487
2168,11553,Sawyer,1Fam,5,38,TA,466,2006,TA,1,11.970350312009105
3629,11423,CollgCr,1Fam,8,8,Gd,180,2010,Gd,1,12.513557345278134
3863,14601,Timber,1Fam,9,3,Ex,338,2009,Ex,1,12.66032791780777
2933,11000,NoRidge,1Fam,8,7,Gd,56,2007,Gd,1,12.421184025147118
3534,10140,NWAmes,1Fam,7,10,Gd,151,2009,Gd,1,12.270220465353926
1857,4058,NAmes,Twnhs,7,9,TA,160,2007,TA,0,11.79810440720389
2476,17104,Gilbert,1Fam,7,0,Gd,124,2006,Gd,1,12.09884928474215
4173,13837,NWAmes,1Fam,7,18,Gd,0,2006,Gd,0,12.341477282536376
2375,8737,BrkSide,1Fam,6,57,TA,38,2007,TA,1,12.254862809699606
2011,7244,Mitchel,1Fam,5,37,TA,104,2007,TA,0,11.771436160121729
2370,8235,OldTown,1Fam,5,13,TA,190,2008,TA,0,11.736069016284437
2709,9375,Somerst,1Fam,7,5,Gd,364,2009,Gd,1,12.479909311159902
2068,4043,NPkVill,Twnhs,6,31,TA,55,2008,TA,0,11.84939770159144
1524,6000,OldTown,1Fam,5,51,TA,0,2008,TA,0,11.630708500626612
2625,11146,NridgHt,1Fam,8,3,Gd,208,2009,Gd,1,12.450977688625896
1646,8777,Edwards,1Fam,4,6,TA,96,2009,Gd,0,11.589886506106357
3783,10625,NridgHt,1Fam,7,4,Gd,382,2008,Gd,1,12.556729517143344
1328,6380,BrkSide,1Fam,5,56,TA,0,2006,TA,1,11.635143097694478
2286,14850,NAmes,1Fam,5,49,TA,268,2006,TA,1,11.856515169360305
2543,11040,IDOTRR,1Fam,4,56,TA,47,2006,TA,0,11.589886506106357
2456,21872,Gilbert,1Fam,7,11,TA,286,2008,TA,1,12.072541252905651
1977,3196,Blmngtn,Twnhs,7,2,Gd,163,2006,Gd,1,12.363076394339839
3222,11341,Sawyer,1Fam,5,14,TA,0,2010,TA,1,11.70766954176274
3001,10010,Mitchel,1Fam,5,31,TA,278,2006,TA,1,12.043553716032399
1286,13907,Edwards,1Fam,5,39,TA,144,2008,TA,1,11.589886506106357
2070,21780,Edwards,1Fam,6,58,TA,108,2008,TA,1,12.128111104060462
3613,13346,NoRidge,1Fam,7,6,Gd,40,2006,Gd,1,12.498742259492994
1863,6858,SWISU,1Fam,6,60,TA,66,2010,Fa,0,11.759785542901755
3160,11198,StoneBr,1Fam,9,1,Gd,183,2008,Ex,1,12.691580461311874
2069,10171,NridgHt,1Fam,7,6,Gd,0,2010,Gd,0,12.273731294003989
4185,12327,SawyerW,1Fam,8,0,Gd,389,2009,Gd,1,12.66539442642905
2486,7032,NAmes,Duplex,5,27,TA,42,2006,TA,2,11.820116003810051
2535,13101,NAmes,Duplex,5,43,TA,0,2008,TA,0,11.867798786962332
1566,7332,NAmes,1Fam,6,47,TA,168,2006,Gd,0,11.695247021764184
2342,13159,Timber,1Fam,7,0,TA,322,2009,Gd,0,12.321630986164447
1830,9967,Gilbert,1Fam,7,7,TA,100,2007,TA,1,12.043553716032399
1746,10500,NAmes,1Fam,5,2,TA,35,2007,TA,0,11.842229212112828
1994,8480,NAmes,1Fam,5,58,TA,158,2008,TA,0,11.682668239557323
1693,6292,SWISU,1Fam,7,59,TA,50,2009,TA,1,11.884489021402711
2763,11777,Sawyer,1Fam,5,40,TA,228,2006,TA,2,12.010665849187564
1932,3604,Somerst,Twnhs,7,1,Gd,102,2008,Gd,0,11.891361900690473
2147,12150,OldTown,1Fam,5,54,TA,0,2008,TA,0,11.786762130599957
2814,14585,NAmes,1Fam,6,20,TA,326,2007,Gd,2,12.111212364506214
3432,12704,NridgHt,1Fam,8,0,Ex,90,2009,Ex,1,12.442302200392747
1632,11841,Edwards,Duplex,6,17,TA,32,2007,TA,0,11.682668239557323
3655,13500,OldTown,1Fam,10,8,Ex,607,2008,Gd,1,12.691580461311874
1813,6120,BrkSide,1Fam,4,14,TA,0,2009,Gd,0,11.79810440720389
4368,11443,Timber,1Fam,8,0,Gd,392,2006,Gd,2,12.820987977820545
1929,10267,BrkSide,1Fam,6,8,TA,0,2008,Fa,0,11.77528972943772
2060,8740,Sawyer,1Fam,5,27,TA,0,2009,TA,0,11.827736204810263
3249,25095,ClearCr,1Fam,5,6,TA,48,2009,Ex,2,11.870599909242044
1087,9100,BrkSide,1Fam,5,48,TA,0,2008,TA,0,11.283512300642423
2592,8320,CollgCr,1Fam,7,4,Gd,45,2008,Gd,0,12.132964173709535
4476,13478,NridgHt,1Fam,10,1,Ex,656,2009,Ex,1,13.021326833226556
2448,6600,Mitchel,1Fam,5,5,TA,0,2008,TA,0,11.835008964139341
1953,4435,CollgCr,Twnhs,6,6,Gd,140,2009,Gd,0,11.84939770159144
1204,7990,CollgCr,1Fam,5,33,TA,0,2008,TA,0,11.608235644774552
4006,11302,StoneBr,1Fam,8,0,Gd,255,2006,Gd,1,12.672946381766982
1584,3600,OldTown,1Fam,6,13,TA,158,2006,TA,0,11.648365035864053
2050,3922,Blmngtn,Twnhs,7,0,Gd,136,2007,Gd,1,12.17664898415669
3698,12984,Crawfor,1Fam,5,29,TA,0,2006,Gd,1,12.289954129510877
2701,1950,Blueste,Twnhs,6,28,TA,161,2008,TA,1,11.925035115797062
3186,10927,NridgHt,1Fam,8,1,Gd,239,2006,Ex,1,12.524526376648708
1919,9000,IDOTRR,1Fam,6,57,TA,162,2007,Gd,1,11.856515169360305
3210,10041,SawyerW,1Fam,8,14,Gd,270,2006,Gd,1,12.301382825334498
1680,3182,Somerst,Twnhs,7,5,Gd,172,2010,Gd,0,11.925035115797062
2946,12803,CollgCr,1Fam,7,6,Gd,228,2008,Gd,1,12.30591798049989
2926,13600,NAmes,1Fam,7,19,TA,42,2009,TA,3,12.230765258120545
2348,12464,CollgCr,1Fam,5,13,TA,168,2009,Gd,0,11.931635799828413
2841,7800,Edwards,1Fam,5,4,TA,103,2006,Ex,0,12.323855681186558
4002,12168,Crawfor,1Fam,8,9,TA,0,2007,TA,2,12.791356180214175
2193,7943,Sawyer,1Fam,4,46,TA,64,2007,TA,0,11.682668239557323
3793,11050,CollgCr,1Fam,9,9,Gd,395,2009,Ex,2,12.65395846952229
2201,10395,NWAmes,1Fam,6,29,TA,0,2007,TA,1,11.904967552746252
3393,11885,CollgCr,1Fam,8,8,Gd,282,2009,Ex,1,12.474189562487116
1326,8402,Mitchel,1Fam,5,0,TA,30,2007,TA,0,11.898187865760873
1260,1491,MeadowV,Twnhs,4,38,TA,120,2010,TA,0,11.231887935237117
2297,8800,NAmes,1Fam,6,47,TA,120,2010,Gd,0,11.831379196088763
2359,7861,Gilbert,1Fam,6,3,Gd,175,2006,Gd,1,12.118333731222167
1360,7227,NAmes,1Fam,6,54,TA,0,2008,Gd,0,11.566466231898259
2650,11694,NridgHt,1Fam,9,0,Ex,108,2007,Gd,1,12.659734090733718
3882,12244,Timber,1Fam,8,5,Gd,168,2008,Gd,2,12.628067055589549
905,8248,Edwards,1Fam,3,58,TA,0,2008,TA,0,11.112447898373103
4376,10800,NWAmes,1Fam,6,11,TA,281,2008,TA,1,12.388394202324129
2024,7064,Sawyer,1Fam,5,32,TA,192,2009,TA,0,11.813030057420567
2372,2117,Somerst,Twnhs,6,7,Gd,32,2007,Gd,1,12.034691028774553
2521,10400,NWAmes,1Fam,6,34,TA,148,2006,TA,1,12.014609430818936
1556,10000,NAmes,1Fam,6,48,TA,0,2010,TA,0,11.982929094215963
1708,12342,NAmes,1Fam,5,29,TA,0,2007,TA,1,11.848683160653573
2690,9600,NAmes,1Fam,6,38,TA,0,2010,TA,2,11.938193200374572
3234,11606,NAmes,1Fam,5,38,TA,335,2007,Fa,2,11.813030057420567
2830,9020,NAmes,1Fam,6,44,TA,176,2008,TA,0,12.034691028774553
1990,9000,OldTown,1Fam,5,15,TA,0,2006,Ex,0,11.728036844587175
2205,4590,NridgHt,Twnhs,8,1,Gd,229,2007,Gd,1,12.25247901834433
2777,11900,NWAmes,1Fam,7,32,TA,192,2009,TA,1,11.320553572322773
2264,9250,NAmes,1Fam,5,2,TA,390,2007,TA,0,11.845102777308561
2688,6979,OldTown,Duplex,6,30,TA,320,2010,TA,0,11.877568578558138
3136,10896,SWISU,2fmCon,6,12,Fa,110,2007,Fa,0,12.206072645530174
800,6120,BrkSide,1Fam,2,59,Fa,0,2009,Fa,1,11.002099841204238
1643,6000,OldTown,2fmCon,5,55,TA,0,2009,Gd,0,11.440354772135393
796,8777,Edwards,1Fam,5,58,TA,328,2008,TA,0,11.350406535472453
3369,3982,Blmngtn,Twnhs,8,0,Gd,312,2006,Ex,1,12.485827127509431
3324,12677,NridgHt,Twnhs,8,4,Ex,325,2008,Ex,1,12.520883385370206
3317,7050,Somerst,1Fam,7,6,Gd,235,2007,Gd,1,12.328290278254423
4652,13860,NAmes,1Fam,8,14,Gd,380,2009,Ex,3,12.751299696013497
2862,10793,NWAmes,1Fam,5,38,TA,208,2007,TA,0,11.931635799828413
3365,9187,Somerst,1Fam,9,0,Ex,325,2009,Ex,1,12.823628446539173
1874,10530,NAmes,1Fam,6,36,TA,312,2007,TA,0,11.872346634576987
1468,7200,NAmes,1Fam,5,58,TA,27,2008,TA,0,11.495779306135258
2089,10452,Edwards,1Fam,6,55,TA,0,2008,TA,2,11.951180395901384
2281,7700,NAmes,1Fam,6,44,TA,124,2010,TA,1,11.951180395901384
1260,1936,MeadowV,Twnhs,4,37,TA,0,2007,TA,0,11.344506813345266
2227,8125,Somerst,1Fam,7,1,Gd,0,2008,Gd,0,12.235388699864227
1806,9084,Edwards,1Fam,4,59,TA,120,2009,TA,1,11.589886506106357
2228,8750,CollgCr,1Fam,7,13,Gd,120,2009,Gd,1,12.160028707028767
1685,10320,IDOTRR,1Fam,6,13,TA,57,2008,TA,0,11.813030057420567
4648,10437,NoRidge,1Fam,8,13,Gd,282,2008,Gd,1,12.765688433465597
1356,1680,BrDale,Twnhs,6,39,TA,0,2010,TA,0,11.385092093460344
2171,10007,NAmes,1Fam,5,2,Gd,0,2008,Gd,0,11.887931365593685
1772,7200,Crawfor,1Fam,7,8,TA,0,2008,TA,1,11.911701584927597
1788,17503,NAmes,1Fam,6,60,TA,192,2010,TA,1,11.487607656985938
2603,9937,Edwards,1Fam,5,10,TA,0,2009,TA,0,12.025749091398891
2485,12384,NWAmes,1Fam,7,31,TA,113,2007,TA,1,12.195517131590657
4700,46589,NoRidge,1Fam,8,4,Gd,593,2009,Gd,1,12.904207367601158
1968,13560,NAmes,1Fam,6,41,TA,0,2009,TA,2,11.608235644774552
2869,10012,Edwards,1Fam,4,36,TA,0,2008,TA,0,11.831379196088763
4952,20896,Somerst,1Fam,8,0,Gd,459,2006,Ex,1,12.955127458028414
2440,11194,Gilbert,1Fam,8,6,Gd,312,2006,Gd,1,12.348006141418841
3886,18450,NAmes,1Fam,6,28,TA,265,2007,TA,1,11.76756768334381
3392,8125,SawyerW,1Fam,6,10,TA,266,2008,Gd,1,12.173032791451973
3001,14175,Sawyer,1Fam,5,19,TA,304,2006,TA,1,12.031719258385396
1432,11600,Crawfor,1Fam,4,56,TA,0,2006,Fa,1,11.831379196088763
2209,8633,CollgCr,1Fam,6,4,Gd,135,2009,Gd,0,12.063932878369052
2220,6629,Edwards,1Fam,6,59,TA,147,2009,TA,0,11.54829260880752
2521,11250,Veenker,1Fam,6,29,Gd,240,2006,TA,1,12.013700752882718
3441,14442,Crawfor,1Fam,6,3,TA,87,2007,Gd,2,12.458774999085929
2412,9200,NAmes,1Fam,6,43,TA,426,2008,TA,1,11.84939770159144
2192,2289,NPkVill,Twnhs,6,31,TA,28,2009,TA,1,11.908340237224891
2553,9600,OldTown,1Fam,4,56,TA,0,2006,TA,0,11.37366339763672
1032,9022,OldTown,1Fam,5,3,Gd,316,2009,Gd,0,11.603679828238693
2880,11844,StoneBr,1Fam,8,1,Gd,404,2009,Gd,1,12.827992316801751
2387,9945,Sawyer,1Fam,5,46,TA,0,2007,TA,0,11.763684183317412
1849,8012,SawyerW,Twnhs,6,30,TA,80,2010,TA,1,11.870599909242044
1983,4500,SWISU,1Fam,5,9,TA,0,2009,TA,0,11.979385322467598
2725,2887,ClearCr,1Fam,6,11,TA,307,2008,Gd,1,12.061046873479915
3429,11248,CollgCr,1Fam,9,5,Gd,302,2007,Gd,1,12.560244459250788
2325,16770,NoRidge,1Fam,7,12,Gd,81,2010,TA,0,12.30591798049989
3677,5062,StoneBr,Twnhs,7,23,Gd,219,2007,Gd,1,12.24288661865289
2339,10207,Somerst,1Fam,7,0,Gd,249,2007,Gd,0,12.336552511980964
1821,5105,Somerst,Twnhs,7,3,Gd,60,2007,Gd,0,11.910358401381128
2931,8089,StoneBr,1Fam,8,0,Gd,140,2007,Gd,1,12.8790171187726
1842,7577,NridgHt,Twnhs,6,1,Gd,220,2007,Gd,1,12.17921519136029
1965,4426,CollgCr,Twnhs,6,4,Gd,149,2008,Gd,1,11.856515169360305
6603,21535,NoRidge,1Fam,10,12,Ex,432,2007,Ex,2,13.534473028231162
4112,26178,Timber,1Fam,7,16,Gd,347,2006,Gd,2,12.721885810807203
1399,5400,OldTown,1Fam,5,38,TA,0,2006,TA,0,11.594321103174222
2115,6120,BrkSide,1Fam,5,59,TA,112,2009,TA,0,11.86005499606543
2708,13811,Timber,1Fam,6,19,TA,125,2006,Gd,1,12.078239274020289
1437,6000,BrkSide,1Fam,5,56,TA,0,2006,TA,0,11.396391648714276
2217,6420,Edwards,1Fam,5,54,TA,0,2006,TA,0,11.72399643505017
1900,8450,Sawyer,1Fam,5,1,TA,560,2010,TA,1,11.83862560460953
1937,4282,Somerst,Twnhs,7,4,Gd,314,2008,Gd,0,12.185869938212655
3839,14331,Timber,1Fam,8,4,Gd,348,2006,Gd,1,12.652359748158593
1692,9600,NWAmes,1Fam,7,37,TA,0,2006,TA,0,11.84939770159144
3242,12438,StoneBr,1Fam,8,0,Ex,424,2006,Ex,1,12.799175708864519
2484,7630,OldTown,2fmCon,5,14,TA,344,2010,Gd,1,11.84939770159144
2802,8400,CollgCr,1Fam,7,5,Gd,35,2010,Gd,0,12.269047444691562
1092,5600,IDOTRR,2fmCon,4,60,Fa,0,2010,Fa,0,10.915088464214607
3782,115149,ClearCr,1Fam,7,5,TA,428,2007,Gd,2,12.618182296357007
2737,6240,NridgHt,Twnhs,8,3,Gd,230,2009,Gd,1,12.445089546000673
1856,9018,Gilbert,1Fam,7,0,Gd,124,2007,Gd,1,12.09815330331068
1312,7162,Sawyer,1Fam,5,42,TA,0,2008,TA,0,11.607326140391713
729,4130,BrkSide,1Fam,3,5,Gd,0,2008,TA,0,10.858998997563564
1562,8712,IDOTRR,1Fam,4,60,TA,68,2010,TA,0,11.540307141711446
2467,4671,StoneBr,Twnhs,8,19,Gd,288,2008,Gd,1,12.14950229404178
2325,9873,BrkSide,2fmCon,4,36,TA,288,2006,TA,0,11.76756768334381
2487,13517,Sawyer,1Fam,6,5,Gd,44,2010,Gd,0,11.779128505744886
1828,10140,NWAmes,1Fam,6,35,TA,0,2009,TA,1,12.013700752882718
3258,10800,OldTown,1Fam,7,9,TA,48,2007,TA,0,11.979799201207037
2701,10000,NWAmes,1Fam,5,8,TA,224,2008,Gd,1,11.964001084330445
4574,10542,NoRidge,1Fam,7,14,Gd,404,2008,Gd,1,12.739637756265655
1794,9920,CollgCr,1Fam,5,37,TA,0,2006,TA,1,11.763684183317412
3454,6563,StoneBr,1Fam,8,21,Gd,142,2006,Gd,1,12.524526376648708
1930,4426,CollgCr,Twnhs,6,6,Gd,160,2010,Gd,0,11.870599909242044
1518,8120,NAmes,1Fam,4,39,TA,0,2009,TA,0,11.732060994886899
2018,8172,Edwards,1Fam,4,36,TA,0,2008,TA,0,11.813030057420567
3700,13286,Edwards,1Fam,9,1,Ex,391,2009,Ex,1,12.676076274775909
2138,6960,NAmes,1Fam,4,39,TA,96,2009,Gd,0,11.699405031912846
3028,21695,Crawfor,1Fam,6,2,Gd,336,2009,Gd,1,12.310432660854417
2588,7314,CollgCr,1Fam,7,2,Gd,132,2009,Gd,0,12.178187442040638
2664,11475,NAmes,Duplex,5,51,TA,25,2009,TA,0,11.608235644774552
1539,6240,IDOTRR,1Fam,4,59,TA,23,2009,TA,0,11.542484267211773
3404,5389,StoneBr,Twnhs,8,14,Gd,389,2010,Gd,1,12.373703486914124
2370,9590,Timber,1Fam,7,4,Gd,182,2007,Gd,1,12.141534124392603
2824,11404,CollgCr,1Fam,7,9,Gd,276,2008,Gd,1,12.312682380588432
2002,10000,Sawyer,1Fam,5,26,TA,165,2009,TA,1,11.786001385032646
1248,8978,Sawyer,1Fam,5,39,TA,147,2007,TA,0,11.589886506106357
2478,10800,OldTown,1Fam,7,36,TA,341,2006,TA,2,12.0015054797889
1440,8544,NAmes,Duplex,3,56,TA,0,2006,TA,0,11.44571671527678
2601,10463,Gilbert,1Fam,8,1,Gd,116,2006,Gd,1,12.387977448827787
2400,10800,Edwards,Duplex,5,21,TA,120,2009,TA,0,12.095141084822892
2300,9313,CollgCr,1Fam,7,5,Gd,243,2009,Gd,0,12.154779351142624
1792,9600,OldTown,1Fam,5,5,TA,270,2007,TA,0,11.790557201568507
2032,6768,Sawyer,1Fam,6,12,TA,168,2008,Gd,0,11.863582336583399
1888,8450,SawyerW,1Fam,7,6,TA,175,2007,TA,0,12.095141084822892
2388,12886,Sawyer,1Fam,5,10,TA,302,2009,TA,1,12.072541252905651
2532,5395,StoneBr,Twnhs,8,15,Gd,96,2008,Gd,1,12.100712129872347
4201,8963,NWAmes,1Fam,8,12,Ex,204,2008,Gd,2,12.610870864650634
3110,8795,Gilbert,1Fam,7,9,Gd,278,2009,Gd,1,12.371587084007746
3504,11700,OldTown,1Fam,7,6,Gd,181,2009,Gd,1,12.491172637278908
3166,10593,NoRidge,1Fam,7,14,Gd,296,2010,Gd,1,12.46997418931655
1769,8405,Edwards,1Fam,4,59,TA,92,2009,TA,0,11.49272275765271
1140,8800,OldTown,1Fam,4,6,TA,160,2010,TA,0,11.477298287327077
1720,7750,Gilbert,1Fam,7,4,Gd,48,2007,Gd,0,11.99535161421452
3270,9236,CollgCr,1Fam,6,9,TA,195,2006,Gd,0,12.287652632522597
2976,10240,NridgHt,1Fam,8,1,Gd,244,2006,Ex,1,12.526342907575106
2377,7930,NAmes,1Fam,6,4,TA,219,2009,Gd,0,11.957611286231675
2292,3230,Somerst,Twnhs,6,10,TA,24,2009,TA,0,12.058152515453552
2366,10769,CollgCr,1Fam,8,2,Gd,249,2009,Gd,0,12.26434155365415
2264,11616,Sawyer,1Fam,6,32,TA,335,2010,TA,1,11.976030352524807
2490,2280,Somerst,Twnhs,7,9,TA,0,2008,TA,0,12.097373228606832
3403,12257,NoRidge,1Fam,8,12,Gd,320,2007,Gd,1,12.577636201962656
1776,9100,NAmes,1Fam,6,50,TA,0,2009,TA,0,11.755871643580617
2146,6911,BrkSide,1Fam,5,59,TA,0,2009,Fa,0,11.512925464970229
2185,8640,Somerst,1Fam,7,1,TA,214,2010,Gd,0,12.279323107269766
4384,9430,NoRidge,1Fam,8,10,Gd,128,2009,Gd,1,12.727838209334498
3469,9549,Veenker,Twnhs,8,10,Gd,30,2006,Ex,1,12.506177237980511
2098,14587,Somerst,1Fam,9,0,Gd,174,2008,Ex,1,12.484204257170104
2604,10421,NWAmes,1Fam,7,22,TA,294,2010,TA,1,12.188417710291453
2833,12508,Mitchel,1Fam,6,23,TA,245,2008,TA,0,11.982929094215963
2344,9100,CollgCr,1Fam,7,1,Gd,153,2006,Gd,1,12.28690119819279
5536,53504,StoneBr,1Fam,8,7,Ex,539,2010,Ex,1,13.195613839143922
2119,7252,Sawyer,1Fam,5,27,TA,120,2009,TA,0,11.812289042195847
2452,8877,Edwards,1Fam,4,55,TA,0,2006,TA,0,11.532728092266408
2338,7819,Edwards,1Fam,6,34,TA,144,2010,TA,1,11.580584113444043
1643,10150,NAmes,1Fam,5,49,TA,0,2007,TA,0,11.648330101976432
2868,14226,NridgHt,1Fam,8,1,Gd,360,2007,Gd,1,12.886641043883259
2482,4500,Mitchel,Twnhs,6,11,TA,247,2009,TA,0,11.99535161421452
2499,11210,CollgCr,1Fam,7,0,Gd,203,2006,Gd,0,12.308177868467327
2096,13350,Sawyer,1Fam,5,32,TA,241,2006,TA,1,11.867097278690842
2650,8400,SawyerW,Duplex,5,30,TA,0,2007,TA,2,11.877568578558138
2483,10530,Mitchel,Duplex,6,29,TA,0,2006,TA,0,11.813030057420567
1655,7875,Gilbert,1Fam,7,11,TA,241,2007,TA,1,12.078239274020289
2474,7153,SawyerW,1Fam,6,14,Gd,124,2006,Gd,0,12.077670930725649
2035,16285,CollgCr,1Fam,7,7,Gd,33,2009,Gd,0,12.139398512262181
2809,9101,Mitchel,1Fam,5,31,TA,333,2009,Gd,1,12.016726473799254
1484,6300,OldTown,1Fam,6,7,TA,291,2008,TA,1,11.759785542901755
2680,9790,NWAmes,1Fam,6,42,TA,0,2009,TA,1,11.992260421644849
2754,10800,OldTown,1Fam,5,60,TA,0,2010,TA,0,11.842229212112828
3358,10142,SawyerW,1Fam,7,6,Gd,45,2010,Gd,0,12.358793732547838
1182,6000,OldTown,1Fam,4,8,TA,0,2008,TA,0,11.588960151246226
3099,12205,ClearCr,1Fam,6,0,TA,301,2007,Gd,0,12.141534124392603
1558,3182,Blmngtn,Twnhs,7,3,Gd,116,2009,Gd,1,11.984178313616395
2140,11333,Mitchel,1Fam,6,31,TA,120,2007,TA,2,11.896826395162552
3330,9920,NoRidge,1Fam,7,10,Gd,310,2007,TA,1,12.50539915757667
1970,9158,Somerst,1Fam,8,0,Gd,298,2007,Gd,0,12.323855681186558
2304,10832,Gilbert,1Fam,7,12,Gd,189,2008,Gd,1,12.178187442040638
2040,8400,SawyerW,1Fam,6,29,TA,50,2010,TA,1,12.049418835484797
1813,8197,Sawyer,1Fam,6,30,TA,138,2007,TA,1,11.874090314181814
1583,7677,NAmes,1Fam,5,55,TA,0,2008,TA,0,11.608235644774552
3960,13518,NridgHt,1Fam,9,0,Ex,222,2009,Ex,2,13.091904169919621
2577,7200,SWISU,1Fam,5,57,TA,0,2007,Gd,2,12.072541252905651
2753,12798,ClearCr,1Fam,6,11,TA,517,2008,Gd,0,12.206072645530174
1833,4800,IDOTRR,1Fam,4,17,TA,0,2007,TA,0,11.607326140391713
2514,8199,CollgCr,1Fam,7,3,Gd,54,2008,Gd,1,12.14950229404178
3842,13891,NridgHt,1Fam,9,0,Ex,222,2009,Ex,1,13.275827535915461
2226,9000,NAmes,1Fam,5,52,TA,0,2006,TA,0,11.678439903447801
1982,12274,Somerst,1Fam,7,0,Gd,60,2008,Ex,0,12.33569641332368
2244,9750,NAmes,1Fam,5,39,TA,68,2006,TA,0,11.816726919301892
3413,21384,BrkSide,1Fam,5,5,TA,312,2009,Gd,1,12.31716669303576
2214,13400,NAmes,1Fam,5,40,TA,0,2006,TA,1,11.982616545377663
2498,8100,OldTown,1Fam,5,44,TA,196,2009,TA,0,11.571194373094205
2833,10140,NWAmes,1Fam,6,7,TA,265,2006,Gd,1,12.106252310247962
1930,4438,CollgCr,Twnhs,6,4,Gd,140,2008,Gd,1,11.881034786534624
1548,8712,IDOTRR,1Fam,5,58,Fa,0,2010,Fa,0,10.932981961904135
2351,9750,NAmes,1Fam,6,49,TA,0,2007,TA,0,11.969717200243734
1530,8248,Edwards,1Fam,5,56,TA,207,2006,Fa,0,11.661345470088502
2259,12137,CollgCr,1Fam,7,12,TA,34,2010,Gd,0,12.323411137947407
1769,11425,NAmes,1Fam,5,52,TA,0,2006,TA,1,11.827736204810263
3764,13265,Mitchel,1Fam,8,6,Gd,209,2008,Gd,2,12.509874099861838
1996,8816,ClearCr,1Fam,6,39,TA,0,2010,TA,0,11.951180395901384
2575,6371,NridgHt,Twnhs,7,0,Gd,227,2010,Gd,1,12.319401330837177
2235,7226,CollgCr,1Fam,7,5,Gd,45,2008,Gd,0,12.117241431823558
1512,6000,OldTown,2fmCon,4,56,Fa,32,2009,TA,0,11.440354772135393
2166,12394,Gilbert,1Fam,7,4,Gd,148,2007,Gd,1,12.323855681186558
1729,9900,SWISU,1Fam,6,59,TA,335,2009,TA,1,11.845819880243557
2265,11216,Somerst,1Fam,8,0,Gd,140,2006,Gd,1,12.3570755190667
4940,14803,NridgHt,1Fam,10,0,Ex,233,2008,Ex,1,12.86099861326992
1568,6130,BrkSide,1Fam,5,58,TA,0,2008,Gd,0,11.603679828238693
1981,8529,SawyerW,1Fam,7,8,Gd,329,2009,Gd,1,12.14950229404178
3677,28698,ClearCr,1Fam,5,42,TA,486,2009,TA,0,12.128111104060462
1623,2544,Somerst,Twnhs,7,1,Gd,166,2006,Gd,0,11.900905258737373
2890,11900,NAmes,1Fam,6,51,TA,0,2008,TA,2,12.01974306733868
1600,3180,Somerst,Twnhs,7,1,TA,166,2006,Gd,0,11.925035115797062
2925,9548,CollgCr,1Fam,7,7,Gd,231,2010,Gd,1,12.375815420117268
2529,10004,NAmes,1Fam,6,45,TA,0,2009,TA,0,12.025749091398891
2172,7875,NAmes,1Fam,5,47,TA,0,2008,TA,0,11.8490404949436
1945,9600,Sawyer,1Fam,4,15,TA,290,2010,Gd,0,11.759785542901755
2709,8100,OldTown,1Fam,5,34,TA,116,2007,TA,0,11.941455846009388
1581,1680,BrDale,Twnhs,6,35,TA,0,2008,TA,0,11.512925464970229
1451,9525,CollgCr,1Fam,5,2,TA,278,2008,Gd,0,11.877568578558138
1792,11767,Edwards,1Fam,5,13,TA,0,2008,TA,0,11.779128505744886
2038,12155,SWISU,1Fam,6,58,TA,0,2008,Fa,0,11.84939770159144
2225,10440,OldTown,1Fam,5,6,TA,148,2008,Gd,1,11.967180737247824
2506,9020,NAmes,1Fam,6,42,TA,129,2008,TA,0,12.071969661006694
1800,8000,NAmes,Duplex,5,46,TA,0,2007,TA,0,11.856515169360305
2136,12665,OldTown,1Fam,5,58,TA,418,2008,TA,1,11.94405831982697
3702,16647,Sawyer,1Fam,5,26,TA,0,2007,TA,2,12.049418835484797
2713,9317,SawyerW,1Fam,7,16,Gd,306,2009,Gd,1,12.269047444691562
1662,15523,CollgCr,1Fam,5,37,TA,0,2009,TA,1,11.801856756822442
2718,45600,ClearCr,1Fam,6,11,TA,526,2008,TA,1,12.388394202324129
2367,9600,Veenker,1Fam,6,13,Gd,213,2007,TA,1,12.138863895836725
1927,4435,CollgCr,Twnhs,6,4,Gd,140,2007,Gd,0,11.786762130599957
1856,3196,Blmngtn,Twnhs,8,3,Gd,163,2006,Gd,1,12.2783933071098
2250,7128,Crawfor,1Fam,7,57,TA,0,2007,TA,2,12.007621706806335
2654,12095,NAmes,1Fam,6,45,TA,180,2009,TA,1,11.970350312009105
3624,17920,Sawyer,1Fam,5,32,TA,418,2006,TA,1,12.043553716032399
1959,6897,Sawyer,1Fam,5,0,TA,104,2010,TA,0,11.751942365440728
2542,10970,CollgCr,1Fam,6,30,TA,0,2008,TA,0,11.898187865760873
1824,8125,Gilbert,1Fam,6,14,TA,36,2009,TA,1,12.066810578196666
1849,10400,NWAmes,1Fam,7,33,TA,0,2009,TA,1,11.931635799828413
3892,11029,NWAmes,1Fam,6,22,TA,65,2006,Gd,1,12.429216196844383
1642,7642,Crawfor,1Fam,7,9,Gd,240,2007,Gd,1,12.154516158615772
2384,11625,Sawyer,2fmCon,5,45,TA,0,2010,TA,0,11.786762130599957
1915,9672,SawyerW,1Fam,6,25,TA,0,2010,TA,0,11.931635799828413
2968,7931,NAmes,1Fam,5,50,TA,0,2009,TA,0,11.794337924408413
1901,8640,Somerst,1Fam,7,0,Gd,140,2008,Gd,0,12.431533509799543
2732,8750,NAmes,1Fam,5,39,TA,0,2009,TA,0,11.908340237224891
2516,10656,Timber,1Fam,8,0,Gd,272,2007,Gd,1,12.424806488355683
2596,6970,Sawyer,1Fam,4,46,TA,168,2007,Fa,0,11.76756768334381
2939,14762,Gilbert,1Fam,5,56,TA,264,2006,TA,1,12.037653993905211
3273,9938,SawyerW,1Fam,7,16,Gd,246,2010,Gd,1,12.371587084007746
1202,6600,NAmes,1Fam,5,47,TA,0,2009,TA,0,11.603679828238693
2710,8750,CollgCr,1Fam,6,12,TA,77,2010,Gd,0,12.20856952572876
1324,8892,NAmes,1Fam,5,12,Gd,196,2008,Gd,0,11.661345470088502
1699,12144,NAmes,1Fam,5,59,Gd,28,2009,TA,1,11.79810440720389
1331,5720,OldTown,1Fam,5,59,TA,26,2009,TA,0,11.104957226643945
3224,9000,Somerst,1Fam,8,0,Gd,572,2007,Ex,1,12.623061104072981
2321,25286,Mitchel,1Fam,4,44,TA,0,2007,TA,0,11.792449349720545
4132,8834,NridgHt,1Fam,9,4,Gd,184,2009,Ex,1,12.765688433465597
2630,11782,Sawyer,1Fam,5,15,TA,192,2010,Gd,0,11.904967552746252
1846,7000,CollgCr,1Fam,5,4,Gd,0,2009,TA,0,11.824079893607152
2520,7024,Edwards,1Fam,5,1,TA,49,2007,TA,0,11.964001084330445
3019,13758,Timber,1Fam,7,16,Gd,204,2007,Gd,1,12.141534124392603
1982,9636,Gilbert,1Fam,6,16,TA,382,2009,TA,1,12.089538829274222
2189,6204,SWISU,1Fam,4,56,Gd,188,2006,TA,0,11.682668239557323
1612,7150,NAmes,1Fam,5,42,TA,0,2009,TA,0,11.512925464970229
3453,5119,Somerst,Twnhs,9,8,Gd,162,2008,Gd,1,12.703509032177148
2828,8393,NAmes,Duplex,5,1,TA,326,2006,TA,0,11.884489021402711
1693,16466,Edwards,1Fam,5,53,TA,121,2008,TA,0,11.816726919301892
4012,15865,NAmes,1Fam,8,37,Gd,288,2007,Gd,1,12.498742259492994
3034,12160,NAmes,1Fam,6,56,TA,0,2009,TA,1,11.915051671812877
1500,8064,NAmes,1Fam,5,1,TA,0,2007,TA,1,11.719126295554126
2849,11184,Sawyer,1Fam,6,31,TA,243,2009,TA,1,12.058152515453552
1995,8414,Sawyer,1Fam,6,3,TA,192,2006,TA,0,11.947949375319936
2801,13284,Sawyer,1Fam,5,54,TA,627,2008,TA,1,12.013700752882718
1935,7018,SawyerW,Duplex,5,30,TA,0,2009,TA,0,11.685684782260491
2679,7056,NAmes,1Fam,6,45,TA,50,2008,TA,1,11.84939770159144
1563,8765,IDOTRR,1Fam,4,56,TA,28,2006,TA,0,11.575900264131617
2768,7018,SawyerW,Duplex,5,30,TA,154,2009,TA,0,11.870271183889114
5372,12919,NridgHt,1Fam,9,0,Ex,67,2010,Ex,2,13.323926946863102
1989,6993,Sawyer,1Fam,5,12,TA,0,2006,TA,1,11.813030057420567
1864,7340,NAmes,1Fam,4,36,TA,0,2007,TA,0,11.608235644774552
2922,8712,NAmes,1Fam,5,9,TA,0,2009,TA,0,11.938193200374572
1902,7875,Gilbert,1Fam,7,3,Gd,75,2006,Gd,1,12.100712129872347
2360,14859,Gilbert,1Fam,7,0,Gd,204,2006,Gd,1,12.388394202324129
1789,6173,Sawyer,1Fam,5,40,TA,0,2007,TA,0,11.740061037553975
1987,9920,NAmes,1Fam,5,56,TA,0,2010,TA,0,11.759785542901755
2564,13501,Somerst,1Fam,8,1,Gd,60,2007,Gd,1,12.449018824140563
2460,11500,Crawfor,1Fam,7,19,Gd,0,2006,Gd,1,12.429216196844383
2011,8885,Mitchel,1Fam,5,23,TA,164,2006,TA,0,11.782952602183288
1874,12589,Gilbert,1Fam,6,4,Gd,60,2009,Gd,1,12.066810578196666
3197,11600,NAmes,Duplex,5,50,TA,0,2010,TA,0,11.946654038351252
1716,9286,CollgCr,1Fam,5,20,TA,173,2009,Gd,0,11.874090314181814
1954,6120,BrkSide,1Fam,5,56,TA,0,2006,TA,0,11.385092093460344
3157,6270,Crawfor,Duplex,5,57,TA,0,2007,TA,0,11.884489021402711
2046,3000,Somerst,Twnhs,6,0,Gd,234,2009,Gd,0,12.065274916913605
1378,2001,MeadowV,Twnhs,4,37,TA,0,2007,TA,0,11.225243392518447
838,9000,IDOTRR,1Fam,2,56,TA,0,2006,TA,0,10.47194980911048
2572,17140,Edwards,1Fam,4,53,TA,0,2009,TA,0,11.813030057420567
3642,13125,SawyerW,1Fam,7,16,Gd,264,2007,Gd,1,12.380025952653611
2954,11029,NAmes,1Fam,6,6,Ex,51,2008,TA,1,12.081076155355488
3006,8462,SawyerW,1Fam,6,13,Gd,387,2007,Gd,0,12.211060187041213
3284,8777,Edwards,Duplex,5,5,TA,70,2008,TA,0,11.890676734510876
1741,10237,Gilbert,1Fam,6,0,Gd,100,2006,Gd,1,12.043494890772815
3156,8012,SawyerW,Twnhs,6,14,Gd,69,2008,Gd,1,12.170445467887022
3984,10240,NWAmes,1Fam,6,26,TA,515,2006,TA,1,12.24288661865289
2526,15611,NWAmes,1Fam,5,31,TA,180,2008,Ex,0,12.072541252905651
3030,11999,NridgHt,1Fam,8,3,Gd,204,2007,Ex,1,12.560244459250788
3016,9900,NWAmes,1Fam,7,40,TA,43,2008,TA,1,12.078239274020289
2310,11838,CollgCr,1Fam,8,8,Gd,353,2009,Ex,1,12.373703486914124
2878,13006,Gilbert,1Fam,7,9,TA,0,2006,Gd,1,12.310432660854417
2092,8925,Timber,1Fam,8,2,Gd,118,2009,Gd,0,12.211060187041213
2158,9100,NAmes,1Fam,5,44,TA,0,2009,TA,0,11.67419361256635
2693,11670,Somerst,1Fam,9,1,Ex,191,2007,Ex,1,12.676076274775909
2090,8487,CollgCr,1Fam,7,5,Gd,228,2009,Gd,0,12.154779351142624
2999,27650,NAmes,1Fam,7,1,TA,0,2008,Gd,1,12.396693005138824
1275,5825,BrkSide,1Fam,4,53,TA,0,2006,TA,0,11.288531131754366
2588,10083,SawyerW,1Fam,7,6,Gd,41,2009,Gd,0,12.127570417375216
3001,9675,Somerst,1Fam,7,4,Gd,48,2009,Gd,1,12.441144767709657
3294,8760,CollgCr,1Fam,7,0,Gd,90,2006,Gd,0,12.38755635142507
2752,24090,ClearCr,1Fam,7,60,TA,56,2010,TA,2,12.406561506279576
3634,12640,Mitchel,Duplex,6,30,TA,40,2006,TA,0,11.924372644755941
3222,8755,Gilbert,1Fam,7,10,Gd,0,2009,Gd,1,12.273731294003989
2880,7711,Edwards,Duplex,4,30,TA,321,2007,TA,0,11.918390573078392
2208,25000,Mitchel,Duplex,5,40,TA,0,2007,TA,0,11.870599909242044
2334,14375,Timber,1Fam,6,51,TA,118,2009,Gd,1,11.831379196088763
3293,8820,OldTown,1Fam,5,13,TA,48,2009,TA,0,11.73526869611367
2982,8163,NAmes,1Fam,5,47,TA,86,2006,TA,1,11.870599909242044
3737,14536,Timber,1Fam,8,4,Gd,252,2007,Gd,1,12.506177237980511
2250,14006,CollgCr,1Fam,7,4,Gd,240,2006,Gd,1,12.167851432709975
3039,9360,NWAmes,1Fam,6,4,TA,0,2010,Gd,1,12.193493863323313
2131,7200,NAmes,1Fam,5,5,TA,194,2007,Gd,0,11.76756768334381
1906,7800,SawyerW,1Fam,5,41,TA,421,2006,TA,0,11.694413341015606
1824,7200,CollgCr,1Fam,5,6,TA,192,2009,TA,0,11.804848531679264
3253,11075,Mitchel,1Fam,5,39,TA,494,2008,TA,1,12.05524975579559
1925,9400,Edwards,Duplex,6,31,TA,0,2006,TA,0,11.755871643580617
2934,7136,Crawfor,Duplex,6,57,TA,0,2007,TA,0,11.884489021402711
1976,1300,Blueste,Twnhs,6,29,TA,150,2009,TA,1,11.728036844587175
2050,7420,Sawyer,1Fam,5,45,TA,0,2007,TA,0,11.790557201568507
2567,8450,CollgCr,1Fam,7,4,Gd,39,2007,Gd,0,12.128111104060462
2504,2572,Somerst,Twnhs,7,11,Gd,44,2010,Gd,0,11.951180395901384
1554,7207,BrkSide,1Fam,5,2,TA,117,2010,TA,0,11.665646551987892
4387,12227,NWAmes,1Fam,6,13,TA,832,2008,TA,1,12.513557345278134
2544,2308,NPkVill,Twnhs,6,31,TA,48,2007,Gd,1,11.951180395901384
2502,11923,CollgCr,1Fam,9,2,Gd,424,2009,Ex,0,12.384218830913648
3028,11316,Timber,1Fam,7,7,Gd,40,2010,Gd,1,12.277928082630602
1877,10237,Gilbert,1Fam,6,0,Gd,72,2007,Gd,1,12.09458226949681
1992,9600,Crawfor,1Fam,5,59,Gd,70,2009,TA,2,11.982929094215963
2260,7390,NAmes,1Fam,5,53,TA,0,2008,TA,0,11.813030057420567
968,5925,OldTown,1Fam,3,59,TA,0,2009,TA,0,10.542706391070517
1872,10382,NAmes,2fmCon,6,48,TA,0,2006,TA,0,11.84939770159144
1192,10800,NAmes,1Fam,4,56,TA,0,2006,TA,0,11.813030057420567
2667,2268,NridgHt,Twnhs,7,5,Gd,27,2009,Gd,0,12.061046873479915
1182,7892,SawyerW,Twnhs,6,31,TA,28,2010,TA,1,11.507912923146684
1908,11639,Somerst,1Fam,7,0,Gd,120,2008,Gd,0,12.111761966058932
2551,11414,BrkSide,1Fam,7,16,TA,644,2009,Gd,0,12.028738630247258
2513,2651,Somerst,Twnhs,7,6,Gd,203,2006,Gd,0,12.013700752882718
869,5900,BrkSide,1Fam,4,48,TA,0,2006,Fa,0,11.356271654924852
2916,4274,Somerst,Twnhs,7,0,Gd,116,2007,Gd,0,12.205572520488492
1846,9450,Edwards,1Fam,4,53,TA,0,2007,TA,0,11.608235644774552
2252,8816,Sawyer,1Fam,5,46,TA,80,2009,TA,0,11.842229212112828
2454,12122,NAmes,1Fam,7,1,Ex,220,2008,Ex,0,12.091783499128047
4142,12203,NoRidge,1Fam,8,10,Gd,250,2009,Gd,1,12.724866438945341
1654,3182,Blmngtn,1Fam,7,1,Gd,116,2008,Gd,1,11.982272628789678
3069,11250,CollgCr,1Fam,8,6,Gd,0,2008,Gd,1,12.45254202214788
2273,10125,Mitchel,Duplex,5,32,TA,0,2009,Gd,0,11.744037185933616
2444,10880,Edwards,2fmCon,5,58,TA,48,2008,TA,0,11.736069016284437
1890,5310,OldTown,1Fam,6,3,TA,394,2006,Gd,0,11.669929213779893
4192,10159,NridgHt,1Fam,9,0,Ex,263,2010,Ex,1,12.88712700173598
2737,12046,NWAmes,1Fam,6,31,TA,224,2007,Gd,1,12.180754837545884
2190,8125,Somerst,1Fam,7,0,Gd,50,2006,Gd,0,12.190959007720126
4336,9452,NoRidge,1Fam,8,8,Gd,70,2006,Gd,1,12.759957758756611
2382,17671,OldTown,1Fam,8,23,Gd,169,2009,Gd,1,12.031719258385396
2944,9760,NAmes,1Fam,6,14,TA,281,2007,Gd,1,12.138863895836725
2064,8846,CollgCr,1Fam,6,0,TA,35,2006,Gd,0,12.066235700342375
3676,12456,NridgHt,1Fam,10,2,Ex,264,2009,Ex,1,12.729320789294722
1919,4712,BrkSide,1Fam,4,56,TA,57,2006,TA,0,11.708492248514204
2333,10659,NAmes,1Fam,5,45,TA,319,2006,TA,0,11.824079893607152
2057,11717,NWAmes,1Fam,6,39,TA,371,2009,TA,1,12.128111104060462
1287,9786,IDOTRR,1Fam,3,56,TA,100,2006,TA,1,11.418614785498987
2526,6762,CollgCr,1Fam,7,4,Gd,166,2010,Gd,0,12.235631447771718
1472,10206,Edwards,1Fam,3,57,TA,0,2009,Fa,0,11.314474526246391
907,5400,OldTown,1Fam,5,57,TA,20,2007,Ex,0,11.362102575235644
2422,11957,Somerst,1Fam,8,2,Gd,248,2008,Gd,1,12.354492650648448
2208,11500,NWAmes,Duplex,5,31,TA,0,2007,TA,0,11.827042533619087
1977,3182,Blmngtn,Twnhs,7,3,Gd,156,2009,Gd,1,12.106252310247962
1908,8385,CollgCr,1Fam,5,31,Gd,210,2008,TA,0,11.917723684090689
3378,12155,NAmes,1Fam,6,37,TA,0,2007,TA,1,12.004568269319446
1924,2217,MeadowV,Twnhs,4,39,TA,238,2009,TA,0,11.385092093460344
2260,12118,Mitchel,1Fam,7,4,Gd,148,2009,Gd,1,12.388394202324129
1008,6000,SWISU,1Fam,5,56,TA,0,2006,TA,0,11.532728092266408
1583,21286,Sawyer,1Fam,5,58,TA,0,2008,TA,1,11.813030057420567
1664,9825,Edwards,Duplex,5,45,TA,0,2010,TA,0,11.512925464970229
1682,10592,Crawfor,1Fam,6,11,TA,96,2007,Gd,2,12.013700752882718
2014,7200,OldTown,1Fam,5,3,TA,30,2009,TA,0,11.350406535472453
1658,11664,NAmes,1Fam,6,57,TA,130,2007,TA,1,11.688558033613386
2836,8400,NWAmes,1Fam,8,8,Gd,45,2009,Gd,0,12.332705296463539
2672,11883,CollgCr,1Fam,7,13,Gd,181,2009,Gd,1,12.220961258023925
2961,5814,StoneBr,Twnhs,8,25,Gd,63,2009,Gd,1,12.141534124392603
1874,10784,Gilbert,1Fam,7,15,Gd,164,2007,Gd,1,11.982929094215963
1962,3013,Blmngtn,Twnhs,7,1,Gd,162,2006,Gd,1,12.27134527214637
2607,7024,Edwards,1Fam,4,3,TA,316,2008,Gd,0,12.078239274020289
2536,7406,CollgCr,1Fam,7,0,Gd,159,2006,Gd,0,12.175613438045465
1732,9439,OldTown,1Fam,5,57,TA,0,2007,TA,0,11.37366339763672
1957,3182,Blmngtn,Twnhs,7,2,Gd,176,2008,Gd,1,12.160028707028767
5128,15498,Timber,1Fam,8,32,Gd,72,2008,Gd,1,12.567237494741757
1949,7700,CollgCr,1Fam,5,35,TA,96,2007,TA,0,11.630708500626612
2422,9300,NAmes,1Fam,5,50,TA,0,2010,TA,2,12.028738630247258
3959,9520,Timber,1Fam,8,0,Gd,236,2008,Gd,1,12.588190652108505
2025,9492,NAmes,1Fam,5,57,TA,0,2007,TA,1,11.56171562913966
1799,1680,BrDale,Twnhs,6,34,TA,28,2006,TA,0,11.678439903447801
1928,7082,SWISU,2fmCon,5,11,TA,0,2006,TA,0,11.982929094215963
3880,15863,SWISU,1Fam,7,39,TA,199,2009,TA,2,12.190959007720126
4328,14541,NoRidge,1Fam,8,13,Gd,264,2006,Gd,1,12.644327576461329
3540,8125,CollgCr,1Fam,7,4,Gd,136,2006,Gd,0,12.345834587905333
1194,6305,Crawfor,1Fam,5,57,TA,0,2007,Fa,1,11.693161515273161
1135,11500,Edwards,1Fam,4,52,TA,186,2009,TA,0,11.33857207782545
3554,12898,Timber,1Fam,9,1,Gd,228,2009,Ex,1,12.661913960963405
3168,9240,CollgCr,1Fam,8,6,Gd,45,2008,Gd,1,12.567237494741757
1344,1533,MeadowV,Twnhs,4,1,TA,0,2009,TA,1,11.48246625748552
1425,1477,MeadowV,Twnhs,4,39,TA,0,2009,TA,0,11.289781913656018
3137,13125,Sawyer,1Fam,5,6,TA,0,2006,TA,1,11.951180395901384
2580,9130,NWAmes,1Fam,6,8,TA,40,2008,Gd,0,12.061046873479915
2830,5381,NridgHt,Twnhs,6,4,Gd,233,2009,Gd,1,12.185869938212655
3928,11839,SawyerW,1Fam,7,18,TA,313,2008,Gd,1,12.477167914377556
4170,9600,NWAmes,1Fam,8,28,Gd,594,2009,Gd,1,12.535376392672774
2185,13680,Edwards,1Fam,3,54,TA,0,2009,TA,1,11.84653646931041
3824,16056,StoneBr,1Fam,9,0,Gd,322,2006,Ex,1,13.229567991666638
2348,9245,CollgCr,1Fam,5,13,TA,0,2008,TA,0,11.884489021402711
2107,21750,Mitchel,1Fam,5,3,TA,0,2009,TA,1,11.652687407345388
1238,11100,Edwards,1Fam,4,4,TA,0,2010,Gd,0,11.349229372299439
1738,8993,Gilbert,1Fam,7,0,Gd,22,2007,Gd,0,12.080991165908294
1756,11175,CollgCr,1Fam,7,0,Gd,20,2007,Gd,1,12.206777397134413
2959,9500,NAmes,1Fam,6,29,TA,52,2007,TA,1,12.013700752882718
2273,8562,Edwards,1Fam,5,8,TA,194,2010,TA,1,11.881034786534624
3507,11367,CollgCr,1Fam,8,4,Gd,259,2006,Gd,1,12.449018824140563
2645,11361,NWAmes,1Fam,6,32,TA,0,2008,TA,1,12.100712129872347
2507,7052,NridgHt,Twnhs,7,1,Gd,228,2006,Gd,1,12.132695175725399
2912,29959,NoRidge,1Fam,7,15,Gd,266,2009,Gd,1,12.421184025147118
3956,11308,NridgHt,1Fam,9,1,Ex,102,2009,Ex,1,12.721885810807203
3277,11275,Crawfor,1Fam,6,57,TA,0,2007,TA,1,12.301382825334498
2536,4920,StoneBr,Twnhs,8,9,Gd,0,2010,Gd,0,12.271392111650817
2142,18000,IDOTRR,1Fam,3,58,Fa,20,2008,TA,0,11.302204433654575
2897,13600,OldTown,2fmCon,5,57,TA,57,2007,TA,0,11.407564949312402
1940,6000,OldTown,1Fam,6,26,TA,286,2006,Gd,1,11.612770799939945
2604,11000,NAmes,1Fam,5,43,TA,58,2009,TA,1,11.944707881395766
3994,14000,ClearCr,1Fam,7,13,Gd,340,2010,Gd,0,12.70076888736628
1951,7837,Gilbert,1Fam,6,15,Gd,40,2009,TA,1,12.089538829274222
2833,9760,NAmes,1Fam,6,44,TA,456,2008,TA,0,12.031123843065632
3934,3964,MeadowV,Twnhs,6,33,TA,748,2006,TA,1,11.927680619985486
1689,9600,NAmes,1Fam,5,4,TA,0,2007,Gd,0,11.813030057420567
1920,10152,NAmes,1Fam,5,51,TA,20,2007,TA,0,11.813030057420567
2295,11700,NWAmes,1Fam,6,41,TA,0,2009,TA,0,11.944707881395766
1736,7585,Edwards,1Fam,5,56,TA,0,2006,TA,1,11.424094251263613
2401,7950,Edwards,1Fam,6,32,TA,252,2009,TA,0,11.979799201207037
2066,8556,CollgCr,1Fam,7,1,Gd,233,2007,Gd,0,12.175613438045465
2390,13125,Crawfor,1Fam,7,23,TA,0,2007,TA,2,12.299107511497363
2658,10800,OldTown,1Fam,5,17,TA,457,2006,Gd,1,12.043553716032399
2261,15870,NAmes,1Fam,5,37,TA,272,2006,TA,0,11.840789327054841
1930,4435,CollgCr,Twnhs,6,2,Gd,140,2006,Gd,1,11.956970055045868
1784,8775,CollgCr,1Fam,5,13,TA,64,2007,TA,0,11.744037185933616
2442,11040,NWAmes,1Fam,6,4,Gd,55,2008,Gd,0,11.884489021402711
2172,7500,Sawyer,1Fam,5,47,TA,0,2010,TA,0,11.79810440720389
1986,8749,CollgCr,1Fam,7,5,Gd,231,2007,Gd,1,12.165250651009918
2265,8800,NAmes,1Fam,6,42,TA,116,2006,TA,2,11.982929094215963
2499,13031,Gilbert,1Fam,6,10,TA,359,2006,TA,1,12.141534124392603
2307,9069,SawyerW,1Fam,6,18,TA,120,2010,Gd,0,11.898187865760873
1712,1974,MeadowV,Twnhs,4,37,TA,216,2010,TA,0,11.332601910838946
2996,10574,Somerst,1Fam,8,3,Gd,210,2009,Gd,1,12.437184366493561
2089,2522,Edwards,Twnhs,7,2,Gd,40,2006,Gd,0,11.831379196088763
2836,3316,Somerst,Twnhs,8,1,Gd,84,2006,Gd,1,12.190959007720126
1440,8544,NAmes,Duplex,3,59,TA,0,2009,TA,0,11.439278924801929
2224,2160,Somerst,Twnhs,7,8,Gd,48,2008,Gd,0,11.982929094215963
2693,8400,SWISU,1Fam,6,58,TA,342,2008,TA,1,11.824079893607152
2745,9230,NAmes,1Fam,5,8,TA,64,2006,Gd,0,11.891361900690473
1732,5868,NAmes,1Fam,5,10,TA,0,2010,TA,0,11.76756768334381
1778,9317,CollgCr,1Fam,6,1,Gd,22,2007,Gd,1,12.08069081199846
1355,6882,IDOTRR,1Fam,6,1,TA,136,2007,Gd,0,11.751942365440728
1549,3696,StoneBr,Twnhs,8,21,Gd,74,2007,Gd,0,12.043553716032399
2236,6000,BrkSide,1Fam,4,59,TA,0,2009,TA,0,11.759785542901755
2783,11880,NWAmes,1Fam,7,31,TA,0,2009,TA,1,11.964001084330445
974,8400,SWISU,1Fam,2,59,TA,0,2009,Fa,0,11.002099841204238
1929,9758,NAmes,1Fam,5,36,TA,0,2007,TA,0,11.691071650353702
1976,7000,NAmes,1Fam,5,5,TA,16,2007,TA,0,11.813030057420567
2388,8910,NAmes,1Fam,6,47,TA,0,2006,TA,1,11.979799201207037
1742,2016,BrDale,Twnhs,5,37,TA,0,2007,TA,0,11.571194373094205
4366,12256,NoRidge,1Fam,8,15,Gd,218,2010,Gd,2,12.691580461311874
2899,10357,SawyerW,1Fam,7,16,Gd,244,2007,Gd,1,12.100156419938624
2443,23257,Gilbert,1Fam,7,0,Gd,100,2006,Gd,1,12.523525876315125
2153,8063,Gilbert,1Fam,6,7,TA,148,2007,TA,1,12.106252310247962
3737,11362,NridgHt,1Fam,8,4,Gd,310,2009,Gd,1,12.542544882151386
2308,8000,Gilbert,1Fam,6,12,TA,308,2008,TA,1,12.144197241812087
2850,10480,NWAmes,1Fam,7,32,TA,69,2008,TA,1,12.230765258120545
1832,7100,NAmes,1Fam,5,49,TA,0,2006,TA,0,11.77452020265869
1891,8923,NAmes,1Fam,5,1,TA,18,2007,Gd,0,11.809319478024031
1574,5400,OldTown,1Fam,5,6,TA,0,2006,Gd,0,11.669929213779893
3666,12085,NridgHt,1Fam,8,0,Gd,0,2007,Ex,1,12.669806661762314
2299,7750,Gilbert,1Fam,8,7,Gd,120,2009,Gd,1,12.123234367221169
2046,9764,Sawyer,1Fam,5,5,TA,0,2008,Gd,0,11.77528972943772
1901,13825,Sawyer,1Fam,5,21,TA,314,2008,TA,0,11.84939770159144
1695,7560,NAmes,1Fam,5,47,TA,140,2006,TA,0,11.803353763090035
1320,8263,IDOTRR,1Fam,6,57,TA,22,2007,TA,1,11.681824001432043
2358,10084,CollgCr,1Fam,7,0,Gd,164,2006,Gd,0,12.26857785088157
1248,8926,Edwards,1Fam,4,53,TA,64,2009,TA,0,11.626254150277232
698,9405,Edwards,1Fam,5,1,TA,200,2009,TA,0,11.678439903447801
1874,9125,Gilbert,1Fam,7,15,TA,125,2007,Gd,1,12.00701176473192
1677,10434,NAmes,1Fam,4,54,TA,0,2009,Fa,1,11.652687407345388
2215,3684,Blmngtn,Twnhs,7,2,Gd,163,2009,Gd,1,12.066810578196666
3460,14572,Gilbert,1Fam,7,3,Gd,180,2007,Gd,1,12.464583340681674
2393,11796,Gilbert,1Fam,7,2,Gd,148,2007,Gd,1,12.2783933071098
2544,7200,OldTown,Duplex,5,27,TA,49,2007,TA,0,11.84939770159144
3179,7804,SWISU,1Fam,4,59,TA,475,2009,Gd,2,11.813030057420567
1186,10712,Mitchel,1Fam,5,15,TA,28,2007,TA,0,11.44571671527678
2415,9900,OldTown,1Fam,6,57,TA,48,2007,Fa,0,11.67419361256635
3070,9828,SawyerW,1Fam,8,14,Gd,155,2009,Gd,1,12.386308695833106
2060,8773,Gilbert,1Fam,6,10,TA,138,2007,TA,1,12.037653993905211
1166,6180,BrkSide,1Fam,6,57,TA,128,2007,TA,1,11.532728092266408
1820,9600,NAmes,1Fam,6,58,TA,0,2008,TA,0,11.686878772093667
1020,6342,Sawyer,1Fam,5,14,TA,0,2010,TA,0,11.451050061252142
3848,9819,Mitchel,1Fam,6,32,TA,296,2009,Gd,2,12.185869938212655
2307,8731,BrkSide,1Fam,5,57,TA,0,2007,TA,1,11.877568578558138
2644,7350,NAmes,1Fam,5,57,TA,0,2008,TA,0,11.842229212112828
2733,10304,NWAmes,1Fam,5,33,TA,544,2009,Gd,1,12.193493863323313
5030,9965,CollgCr,1Fam,8,0,Gd,269,2007,Gd,1,12.959538518762063
1294,9000,Sawyer,1Fam,5,49,TA,24,2008,TA,0,11.289781913656018
1552,12180,Edwards,2fmCon,4,60,TA,0,2010,Fa,0,11.289781913656018
1801,6240,BrkSide,1Fam,5,56,TA,0,2006,TA,1,11.911701584927597
2959,11200,SawyerW,1Fam,6,21,Gd,191,2006,Gd,1,12.100712129872347
2073,12000,Crawfor,1Fam,7,59,TA,0,2009,Fa,1,12.069680020624618
1399,5700,OldTown,1Fam,7,58,TA,0,2008,TA,1,11.66907414746016
2430,9000,OldTown,1Fam,7,21,TA,0,2009,TA,0,11.870599909242044
1238,8280,NAmes,1Fam,6,57,TA,0,2007,Gd,1,11.728036844587175
2170,17755,Edwards,1Fam,5,47,TA,140,2006,Fa,2,11.917723684090689
3124,14115,Crawfor,1Fam,6,2,TA,0,2006,Ex,1,12.345834587905333
1786,5890,IDOTRR,1Fam,6,1,Gd,0,2008,TA,0,11.699405031912846
2766,13700,NAmes,1Fam,7,20,TA,144,2008,Gd,2,12.215032386901646
3122,10768,Veenker,1Fam,5,3,Gd,21,2007,Gd,1,12.292250341771226
2400,9350,NAmes,1Fam,5,9,TA,92,2008,Gd,1,12.100156419938624
2844,5001,NridgHt,Twnhs,7,1,Gd,234,2009,Gd,1,12.345834587905333
2410,11932,Somerst,1Fam,8,0,Gd,24,2008,Gd,0,12.367885325692589
2858,9120,NWAmes,1Fam,6,34,Gd,69,2008,Gd,1,12.128111104060462
2207,2280,NPkVill,Twnhs,6,32,TA,26,2010,TA,1,11.891361900690473
3292,14778,Crawfor,1Fam,6,2,Gd,108,2008,Gd,1,12.319401330837177
1836,8724,Sawyer,1Fam,5,39,TA,0,2007,TA,1,11.76756768334381
2856,12900,Sawyer,Duplex,4,39,TA,120,2008,TA,0,11.598726943661342
3091,16157,Veenker,1Fam,5,29,TA,348,2007,Gd,1,12.175613438045465
2146,9541,NridgHt,1Fam,7,0,Gd,114,2009,Gd,0,12.359523080243038
2470,10475,CollgCr,1Fam,8,2,Gd,193,2010,Gd,0,12.41044104151805
2929,10852,Gilbert,1Fam,6,6,TA,38,2006,TA,1,12.061046873479915
3274,13728,Edwards,1Fam,6,22,TA,0,2008,Gd,2,12.367340793126296
5821,35760,NoRidge,1Fam,10,10,Gd,437,2006,Gd,1,13.345506928718539
1998,9880,Mitchel,1Fam,6,31,TA,203,2008,TA,1,12.049418835484797
2356,9120,NAmes,1Fam,6,50,TA,0,2008,TA,1,12.0015054797889
1875,4017,Somerst,Twnhs,7,1,Gd,54,2008,Gd,0,12.05466819137094
3228,18030,ClearCr,1Fam,5,13,TA,122,2007,Ex,1,12.20856952572876
3208,16560,Crawfor,1Fam,6,56,TA,0,2006,TA,1,12.384218830913648
4113,10678,NoRidge,1Fam,8,7,Gd,33,2007,Gd,1,12.560244459250788
1845,6951,Mitchel,1Fam,5,23,TA,362,2008,TA,0,11.691071650353702
1902,3950,OldTown,1Fam,6,5,TA,0,2009,TA,0,11.652687407345388
1529,7681,Crawfor,1Fam,5,59,TA,192,2009,TA,1,11.95053502640496
1124,8335,Edwards,1Fam,5,52,TA,36,2006,TA,1,11.440354772135393
4423,11170,Timber,1Fam,7,15,TA,0,2006,TA,0,12.429216196844383
3614,5587,Crawfor,Twnhs,8,0,Ex,215,2008,Gd,1,12.8802918162046
7385,15623,NoRidge,1Fam,10,11,Gd,249,2007,Ex,2,13.521139497361697
2671,10800,OldTown,1Fam,5,56,TA,229,2006,TA,1,11.695247021764184
3726,35133,Timber,1Fam,5,44,TA,263,2007,TA,2,12.137258329529814
2005,9738,Edwards,1Fam,5,56,TA,0,2006,TA,0,11.560762794384388
2559,10615,OldTown,2fmCon,3,39,TA,74,2009,TA,0,11.461632170582678
3837,12461,NoRidge,1Fam,8,11,Gd,114,2006,Gd,1,12.476099782743233
2153,8935,CollgCr,1Fam,7,7,Gd,212,2009,Gd,0,12.180754837545884
2246,7500,Gilbert,1Fam,7,11,TA,200,2010,Gd,1,12.14950229404178
4137,32463,Mitchel,2fmCon,4,32,TA,439,2007,TA,1,12.031719258385396
1933,2645,Somerst,Twnhs,8,7,Gd,206,2007,Gd,0,12.066810578196666
1722,9600,OldTown,1Fam,5,13,TA,0,2007,Gd,0,11.736069016284437
2509,4500,Mitchel,Twnhs,6,10,TA,304,2009,TA,0,12.013700752882718
2022,9364,Sawyer,1Fam,6,41,TA,415,2010,TA,0,11.970350312009105
1856,8029,Gilbert,1Fam,6,3,TA,124,2008,Gd,0,12.078239274020289
2523,14054,Gilbert,1Fam,7,0,Gd,117,2006,Gd,1,12.297785453453374
1915,8850,OldTown,1Fam,7,56,TA,0,2006,TA,1,11.877568578558138
1785,9100,CollgCr,1Fam,7,8,Gd,356,2009,Gd,0,12.089538829274222
2388,11235,Sawyer,1Fam,4,27,TA,82,2006,TA,1,11.904967552746252
1144,9353,NAmes,1Fam,4,36,TA,0,2006,TA,0,11.661776411702583
2325,10400,CollgCr,1Fam,7,11,TA,234,2009,Gd,0,12.195517131590657
1564,6000,BrkSide,1Fam,5,12,TA,0,2009,TA,1,11.669929213779893
2081,9750,CollgCr,1Fam,7,8,Gd,308,2009,Gd,1,12.269047444691562
2357,10140,NWAmes,1Fam,5,31,TA,88,2006,TA,0,11.941455846009388
3559,14684,SawyerW,1Fam,7,18,Gd,154,2009,Gd,1,12.513189630620563
2496,8900,SawyerW,1Fam,4,40,TA,42,2006,TA,0,11.580584113444043
2584,9135,CollgCr,1Fam,6,3,Gd,215,2006,Gd,0,12.206072645530174
2401,7763,NAmes,1Fam,5,28,TA,0,2008,TA,0,11.84939770159144
3380,10182,Somerst,1Fam,8,0,Gd,372,2006,Gd,1,12.577636201962656
2307,11218,SawyerW,1Fam,6,18,Gd,739,2010,Gd,1,12.14950229404178
2671,12134,Gilbert,1Fam,8,5,Gd,337,2010,TA,0,12.007621706806335
1250,9340,Edwards,1Fam,4,59,TA,113,2009,TA,0,11.635143097694478
1972,10246,Sawyer,1Fam,4,5,TA,88,2006,TA,0,11.884489021402711
2083,10205,NAmes,1Fam,5,44,TA,222,2006,TA,0,11.809319478024031
1832,7094,Sawyer,1Fam,5,41,TA,0,2007,TA,0,11.736069016284437
2441,8930,Sawyer,Duplex,6,32,TA,0,2010,TA,0,11.626254150277232
2802,8640,Somerst,1Fam,8,0,Gd,247,2009,Gd,0,12.343466568968994
912,6240,BrkSide,1Fam,4,56,TA,0,2006,TA,0,11.296012463406655
1218,1680,BrDale,Twnhs,6,35,TA,201,2006,TA,0,11.424094251263613
2112,7800,NAmes,1Fam,5,42,TA,0,2006,TA,0,11.652687407345388
2275,8250,Sawyer,1Fam,5,40,TA,63,2008,TA,1,11.805595078933049
2357,10496,NAmes,1Fam,6,57,TA,0,2007,TA,1,11.870599909242044
3420,10680,NAmes,1Fam,5,55,TA,30,2006,TA,0,11.834284063781393
2602,15384,Gilbert,1Fam,7,3,Gd,175,2008,Gd,1,12.122691036591123
1909,10482,NAmes,1Fam,6,49,TA,224,2007,TA,0,11.884489021402711
2601,14598,Somerst,1Fam,6,1,Gd,118,2008,Gd,1,12.273731294003989
2083,8872,NAmes,1Fam,5,0,TA,240,2008,Gd,0,11.898187865760873
4294,8769,NridgHt,Twnhs,9,0,Ex,72,2008,Ex,1,12.813917896253697
2577,7910,NAmes,1Fam,5,48,TA,0,2008,TA,0,11.751942365440728
3929,18890,Sawyer,Duplex,5,30,TA,179,2007,TA,1,12.154779351142624
2533,7728,NAmes,Duplex,5,44,TA,18,2006,TA,0,11.794337924408413
1686,9842,NAmes,Duplex,4,45,TA,0,2007,TA,0,11.53076538309856
2719,12160,NAmes,1Fam,5,51,TA,0,2010,TA,0,11.863582336583399
1964,8525,SWISU,1Fam,5,58,TA,192,2008,TA,0,11.77528972943772
1964,13132,Crawfor,1Fam,5,56,TA,243,2006,TA,0,11.841415931849784
2100,2628,NridgHt,Twnhs,7,7,Gd,27,2010,Gd,0,12.075394321888057
2382,12393,CollgCr,1Fam,7,1,Gd,148,2006,Gd,1,12.180754837545884
1625,13072,SawyerW,1Fam,6,1,Gd,0,2006,TA,0,11.867097278690842
2384,9037,Timber,1Fam,8,1,Gd,153,2007,Ex,1,12.490875577231112
2861,8158,CollgCr,1Fam,7,5,Gd,63,2008,Gd,0,12.323411137947407
2643,9849,Somerst,1Fam,7,0,Gd,56,2007,Gd,0,12.422505731952896
2754,10625,NWAmes,1Fam,7,36,TA,120,2010,Gd,2,12.043553716032399
4312,13891,NridgHt,1Fam,10,0,Ex,445,2006,Ex,1,13.049792684569493
1917,11435,Crawfor,1Fam,8,56,TA,0,2006,Gd,2,12.345834587905333
2345,12090,NWAmes,1Fam,6,4,TA,380,2007,TA,1,12.089538829274222
2168,8125,Somerst,1Fam,7,0,Gd,45,2006,Gd,0,12.136186518066006
2461,12328,Mitchel,1Fam,6,34,TA,0,2010,TA,0,12.042965307660024
2773,9600,OldTown,1Fam,6,58,TA,0,2008,TA,1,11.771436160121729
1894,7200,NAmes,1Fam,5,57,TA,80,2007,TA,0,11.686878772093667
3697,11160,NAmes,1Fam,7,42,Gd,0,2010,Ex,2,12.404923504275338
1883,3136,NridgHt,Twnhs,7,3,Gd,184,2006,Gd,1,12.053795210084596
1672,9858,Mitchel,1Fam,5,41,TA,33,2009,TA,0,11.77528972943772
3841,17542,Veenker,1Fam,7,4,Gd,267,2007,Gd,2,12.591335046320818
2053,6931,Edwards,1Fam,7,4,Gd,306,2008,Gd,1,12.016122061571728
2352,6240,BrkSide,1Fam,6,57,TA,0,2007,TA,1,11.755871643580617
3992,14303,NoRidge,1Fam,8,14,Gd,298,2008,Gd,1,12.616525295149378
864,4060,Edwards,1Fam,5,59,TA,96,2009,TA,0,11.511924964636645
2221,9587,Gilbert,1Fam,7,3,Gd,212,2008,Gd,0,12.154779351142624
2554,9750,NAmes,1Fam,6,39,TA,180,2008,TA,0,11.925035115797062
2177,24682,Gilbert,1Fam,6,10,TA,103,2009,TA,1,12.106252310247962
1892,9600,NAmes,1Fam,5,53,TA,0,2009,TA,0,11.766792188927278
2092,11250,ClearCr,1Fam,4,20,TA,120,2009,TA,2,11.992260421644849
2344,13515,BrkSide,1Fam,6,57,TA,0,2007,TA,1,12.103486056755072
2114,4060,NAmes,Twnhs,6,9,Gd,212,2008,Gd,0,12.106252310247962
2408,3735,Somerst,Twnhs,7,7,Gd,34,2006,Gd,0,12.122147410592412
2197,10120,OldTown,2fmCon,7,57,Fa,0,2007,TA,1,11.711776323715394
2764,13214,Timber,1Fam,9,1,Ex,220,2010,Ex,1,12.84397135185964
4653,14100,Crawfor,1Fam,8,11,TA,326,2008,Gd,2,12.850554654108839
2299,11344,NAmes,1Fam,5,49,TA,0,2007,TA,0,11.877568578558138
3368,23595,ClearCr,1Fam,7,31,Gd,268,2010,Gd,1,12.468436909997665
1951,9156,NWAmes,1Fam,6,41,TA,0,2009,Gd,1,12.132156962580005
2158,13526,Sawyer,1Fam,5,41,TA,180,2006,TA,0,11.827736204810263
2388,11512,Edwards,1Fam,6,2,TA,0,2008,Ex,1,12.083905011555967
1802,5362,Crawfor,1Fam,5,4,TA,242,2007,TA,1,11.842229212112828
2540,11345,NAmes,Duplex,5,57,TA,0,2007,TA,0,11.827736204810263
2485,12936,NWAmes,1Fam,6,37,TA,410,2009,TA,1,11.99535161421452
2732,17871,NWAmes,1Fam,6,33,TA,0,2009,TA,1,12.195517131590657
3412,9473,CollgCr,1Fam,8,6,Gd,211,2008,Gd,1,12.375815420117268
1656,7500,IDOTRR,1Fam,4,60,TA,30,2010,TA,0,11.133128103610641
2905,9808,CollgCr,1Fam,7,7,Gd,72,2009,Gd,0,12.332705296463539
2876,8049,Timber,1Fam,7,16,TA,58,2006,TA,1,12.100712129872347
2200,8800,CollgCr,1Fam,5,1,TA,0,2009,Gd,0,11.921718363171067
1824,9400,Mitchel,Duplex,6,39,TA,128,2010,TA,0,11.842229212112828
2783,9638,SWISU,1Fam,6,20,TA,272,2010,Gd,1,12.037653993905211
1692,6000,BrkSide,1Fam,6,59,TA,45,2009,TA,1,11.794337924408413
2506,9790,NWAmes,1Fam,6,47,TA,26,2010,TA,2,11.870599909242044
2784,36500,ClearCr,1Fam,5,42,TA,366,2006,TA,0,12.154779351142624
3316,5664,StoneBr,Twnhs,8,9,Gd,271,2009,Ex,1,12.535376392672774
2723,11065,NridgHt,1Fam,8,0,Gd,251,2006,Ex,1,12.546109948315882
2650,14112,NAmes,1Fam,5,46,TA,227,2010,TA,1,12.103486056755072
1797,1680,BrDale,Twnhs,5,37,TA,185,2009,TA,0,11.691071650353702
2804,6600,OldTown,1Fam,5,44,TA,287,2009,TA,0,11.585246126549855
2386,10140,NWAmes,1Fam,7,30,TA,28,2006,TA,1,12.000891794590137
1603,8172,Edwards,1Fam,5,16,TA,0,2006,TA,0,11.652687407345388
2356,8400,NAmes,1Fam,5,38,TA,356,2006,TA,0,11.83862560460953
2429,8700,NAmes,1Fam,5,45,TA,212,2008,TA,0,11.951180395901384
2144,3675,Edwards,Twnhs,6,0,TA,44,2006,TA,0,11.84939770159144
12704,63887,Edwards,1Fam,10,0,Ex,506,2008,Ex,3,11.982929094215963
2797,7500,NAmes,1Fam,5,16,TA,218,2010,Gd,0,11.944707881395766
3167,10762,Gilbert,1Fam,7,10,Gd,0,2009,Gd,1,12.323855681186558
2254,7500,Crawfor,1Fam,6,59,TA,0,2009,Gd,2,12.086725887897607
4110,10120,NoRidge,1Fam,8,12,Gd,387,2006,Gd,1,12.577636201962656
2450,8688,Somerst,1Fam,7,1,Gd,267,2006,Gd,0,12.354492650648448
2088,3363,Edwards,Twnhs,7,2,Gd,40,2006,Gd,0,11.77528972943772
4064,13173,NridgHt,1Fam,9,2,Gd,506,2009,Ex,2,12.691580461311874
1842,6955,NridgHt,Twnhs,7,0,Gd,167,2006,Gd,1,12.218495165528731
2216,8072,CollgCr,1Fam,5,14,TA,64,2009,TA,0,11.835008964139341
2402,12000,OldTown,1Fam,5,3,TA,36,2008,Gd,0,11.898187865760873
2990,7153,SawyerW,1Fam,6,17,TA,163,2008,Gd,0,12.096257779522967
3875,17500,Crawfor,1Fam,7,8,Gd,207,2010,Ex,2,12.721885810807203
2707,8814,CollgCr,1Fam,7,0,Gd,362,2007,Gd,0,12.220961258023925
4042,9572,NoRidge,1Fam,8,17,Gd,500,2007,Gd,1,12.618182296357007
3378,14774,NoRidge,1Fam,9,11,Gd,698,2010,Gd,1,12.716402146247475
1960,8190,Edwards,1Fam,4,53,TA,36,2007,TA,1,11.686878772093667
3464,11075,NAmes,1Fam,6,39,TA,280,2008,TA,2,12.239990863733635
2490,10226,CollgCr,1Fam,8,1,Gd,214,2009,Ex,1,12.596400426884427
1818,4230,Somerst,Twnhs,7,0,Gd,241,2007,Gd,1,12.249610947544657
2535,14781,CollgCr,1Fam,8,4,Gd,348,2006,Gd,1,12.524526376648708
1688,10215,Edwards,1Fam,4,53,TA,0,2007,TA,0,11.617285480294472
2770,8400,NAmes,1Fam,6,52,TA,114,2009,TA,2,11.960811288962345
1007,6627,BrkSide,1Fam,3,58,TA,0,2008,TA,0,11.191341840842766
3161,10186,NoRidge,1Fam,7,18,Gd,279,2010,Gd,1,12.154779351142624
988,5330,BrkSide,1Fam,4,59,Fa,164,2009,Fa,0,11.320553572322773
2690,9986,Somerst,1Fam,8,0,Gd,49,2007,Gd,1,11.898187865760873
796,3636,IDOTRR,1Fam,4,58,TA,0,2008,TA,0,10.915088464214607
1318,4270,Edwards,1Fam,3,1,TA,0,2007,Gd,0,11.27720313144916
1721,6600,Mitchel,1Fam,5,0,Gd,0,2008,Gd,1,11.779128505744886
3805,10440,OldTown,1Fam,6,58,Gd,547,2008,TA,2,12.4529327234617
2094,9084,Gilbert,1Fam,7,8,TA,28,2006,TA,1,12.081076155355488
2413,10000,Somerst,1Fam,8,1,Gd,189,2007,Gd,1,12.332705296463539
2013,10780,CollgCr,1Fam,5,30,TA,0,2006,TA,0,11.794337924408413
1794,8877,Edwards,1Fam,4,51,TA,0,2009,TA,1,11.512925464970229
1657,7200,IDOTRR,1Fam,5,11,TA,65,2006,Gd,0,11.740061037553975
2570,2368,BrDale,Twnhs,5,39,TA,36,2009,TA,0,11.736069016284437
2650,9650,NWAmes,1Fam,6,32,TA,16,2009,TA,1,12.031123843065632
2162,9246,NWAmes,Duplex,5,35,TA,211,2008,TA,0,11.813030057420567
693,4118,OldTown,1Fam,4,56,TA,20,2006,Fa,0,10.868568448579715
3053,13450,CollgCr,1Fam,7,4,Gd,237,2006,Gd,0,12.206072645530174
1512,9560,CollgCr,1Fam,5,34,TA,0,2006,TA,0,11.763684183317412
1352,8294,NAmes,1Fam,4,36,TA,0,2007,TA,0,11.719939634354555
2504,13695,SawyerW,1Fam,6,4,TA,78,2008,Gd,0,11.951180395901384
2816,9375,CollgCr,1Fam,8,5,Gd,279,2007,Gd,1,12.339291489316397
2255,7558,Crawfor,1Fam,6,59,TA,0,2009,TA,1,12.083905011555967
1896,11103,CollgCr,1Fam,7,1,Gd,0,2007,Gd,1,11.956553034172742
1518,6000,OldTown,1Fam,4,57,TA,0,2007,Fa,0,11.594505451962652
3029,20781,NWAmes,1Fam,7,3,TA,80,2006,TA,1,12.478006361013815
2568,15306,Timber,1Fam,8,0,Gd,0,2007,Gd,1,12.554836882168736
3451,16196,SawyerW,1Fam,7,9,Gd,427,2007,Gd,1,12.2783933071098
2412,5250,OldTown,1Fam,8,21,TA,54,2008,TA,0,11.711776323715394
4102,11643,NAmes,Duplex,5,40,TA,0,2009,TA,0,12.206072645530174
2525,9247,NAmes,1Fam,6,46,TA,84,2008,TA,1,12.049418835484797
1800,6000,BrkSide,1Fam,6,9,Gd,210,2009,TA,0,11.812289042195847
4720,14720,NoRidge,1Fam,8,14,Gd,369,2010,Gd,1,12.92391243868049
3439,10316,CollgCr,1Fam,7,8,Gd,184,2008,Gd,1,12.367340793126296
2407,10192,NWAmes,1Fam,7,14,TA,98,2006,Gd,1,12.043553716032399
1496,9477,NAmes,1Fam,5,42,TA,0,2008,TA,0,11.608235644774552
2312,12537,NAmes,1Fam,5,2,TA,0,2010,TA,1,11.917723684090689
2391,2117,Somerst,Twnhs,6,10,Gd,32,2010,Gd,0,12.086725887897607
4197,16737,NridgHt,1Fam,9,1,Gd,239,2006,Ex,1,12.66032791780777
3222,9842,SWISU,1Fam,5,10,TA,183,2008,TA,0,12.14950229404178
3234,16158,StoneBr,1Fam,7,4,Gd,204,2009,Gd,1,12.468436909997665
2106,12513,NAmes,1Fam,4,2,TA,55,2009,TA,1,11.560762794384388
1844,8499,Gilbert,1Fam,6,0,TA,36,2007,Gd,1,11.963567869487337
1600,3180,Somerst,Twnhs,7,1,Gd,166,2006,Gd,0,11.87862357740665
2870,7500,Somerst,1Fam,7,10,Gd,96,2010,Gd,0,12.283033686666302
3011,9179,CollgCr,1Fam,7,9,Gd,88,2008,Gd,0,12.170445467887022
2532,2665,MeadowV,Twnhs,5,29,TA,130,2006,TA,1,11.751942365440728
1953,4435,CollgCr,Twnhs,6,5,Gd,140,2009,Gd,0,11.877568578558138
3512,10635,CollgCr,1Fam,8,7,Gd,262,2010,Gd,1,12.354492650648448
2132,5400,OldTown,1Fam,4,59,Fa,0,2009,TA,0,11.56171562913966
2869,9600,NAmes,1Fam,6,12,TA,28,2008,Gd,1,12.016726473799254
3655,9750,CollgCr,1Fam,7,8,TA,423,2006,Gd,1,12.521977676925694
4719,11400,NoRidge,1Fam,10,5,Ex,454,2007,Ex,2,13.053013299269535
2894,10625,Somerst,1Fam,7,3,Gd,364,2008,Gd,1,12.429216196844383
2293,10991,Timber,1Fam,8,0,Gd,136,2007,Gd,1,12.384218830913648
1334,6292,SWISU,1Fam,6,58,TA,141,2008,TA,0,11.418614785498987
3092,10998,Edwards,1Fam,5,49,TA,68,2009,TA,0,11.669929213779893
1560,1953,BrDale,Twnhs,6,33,TA,72,2006,TA,0,11.326595886778735
1794,9735,Timber,1Fam,5,1,TA,100,2008,Gd,0,12.028738630247258
1267,8212,Edwards,1Fam,3,60,TA,0,2010,TA,0,10.976782033219948
3532,12925,NAmes,1Fam,6,38,TA,42,2008,TA,2,12.377922902456833
2338,7200,OldTown,1Fam,7,56,TA,36,2006,Gd,0,11.964001084330445
1992,25339,Sawyer,1Fam,5,0,TA,0,2007,Gd,0,11.626254150277232
1742,9060,Edwards,1Fam,6,59,TA,0,2009,TA,0,11.56171562913966
2129,5436,IDOTRR,1Fam,4,3,TA,96,2010,Gd,0,11.740061037553975
4607,16692,NWAmes,1Fam,7,28,TA,112,2006,Gd,2,12.429216196844383
3456,8520,OldTown,1Fam,6,57,TA,103,2007,Gd,1,11.820410164718188
3824,14892,Gilbert,1Fam,9,2,Ex,240,2009,Ex,2,12.841325847671216
2033,6000,BrkSide,1Fam,6,57,TA,0,2007,TA,1,11.782952602183288
3466,9100,CollgCr,1Fam,7,6,Gd,255,2006,Gd,0,12.367340793126296
2376,8944,NAmes,Duplex,5,42,TA,152,2009,TA,0,11.728036844587175
1957,7838,NAmes,1Fam,5,39,TA,319,2006,TA,1,11.719939634354555
2584,10800,OldTown,2fmCon,6,8,TA,25,2008,TA,1,12.0015054797889
3218,4045,Blmngtn,Twnhs,7,0,Gd,181,2006,Gd,1,12.415433652431746
3124,12665,Timber,1Fam,8,1,Gd,183,2007,Gd,1,12.54686766829102
2946,57200,Timber,1Fam,5,60,TA,0,2010,TA,2,11.982929094215963
1693,6120,BrkSide,1Fam,5,3,TA,24,2007,TA,0,11.831379196088763
2676,7200,NAmes,1Fam,5,27,TA,0,2009,TA,0,11.835008964139341
2088,6171,SWISU,1Fam,6,19,TA,163,2009,Gd,1,11.83101549359339
1366,6000,BrkSide,1Fam,6,58,TA,0,2008,TA,1,11.695247021764184
2750,7415,Gilbert,1Fam,6,4,TA,175,2008,TA,1,12.170445467887022
1956,6762,CollgCr,1Fam,7,0,Gd,223,2006,Gd,1,12.174989532116426
3147,15256,Somerst,1Fam,8,0,Gd,328,2007,Gd,0,12.552926520261092
2150,10410,OldTown,1Fam,3,56,TA,216,2006,TA,0,11.56171562913966
3501,3842,Crawfor,Twnhs,8,3,Gd,181,2008,Gd,1,12.524526376648708
1820,8445,CollgCr,1Fam,5,2,TA,58,2009,TA,0,11.79810440720389
1458,8780,Mitchel,1Fam,5,24,TA,0,2009,TA,0,11.626254150277232
1891,7740,OldTown,1Fam,4,60,TA,0,2010,TA,0,11.740061037553975
2635,20544,NWAmes,1Fam,7,17,TA,427,2008,TA,1,12.2783933071098
3128,12420,CollgCr,1Fam,7,8,Gd,45,2009,Gd,0,12.345834587905333
2059,9600,NAmes,1Fam,6,4,TA,0,2009,TA,0,11.84939770159144
1460,7200,NAmes,Duplex,4,59,TA,0,2009,TA,0,11.407564949312402
3440,10994,SawyerW,1Fam,8,3,Gd,209,2009,Gd,1,12.456831363877356
2218,13053,BrkSide,1Fam,6,8,TA,0,2008,Gd,1,12.240474072247506
3217,3635,Blmngtn,Twnhs,7,2,Gd,163,2009,Gd,1,12.077670930725649
2850,11340,OldTown,2fmCon,4,60,TA,0,2010,TA,0,11.715866308966918
4300,16545,NoRidge,1Fam,8,11,Gd,126,2009,Gd,1,12.736700896592344
2377,9204,NAmes,1Fam,5,45,TA,88,2008,TA,0,11.728036844587175
3494,16381,Crawfor,1Fam,6,37,Gd,73,2006,Gd,1,12.314927050442256
2596,11700,NWAmes,1Fam,6,38,TA,169,2006,TA,1,12.100156419938624
1869,4043,NPkVill,Twnhs,6,33,TA,55,2010,TA,1,11.755871643580617
1954,4435,CollgCr,Twnhs,6,5,Gd,140,2008,Gd,0,11.824079893607152
2633,19690,Edwards,1Fam,6,40,Gd,822,2006,Gd,1,12.524417279788771
2659,9503,NAmes,1Fam,5,24,TA,344,2007,TA,1,11.877568578558138
1780,10721,NAmes,1Fam,6,49,Gd,39,2008,Gd,0,11.863582336583399
3652,10944,NoRidge,1Fam,7,14,Gd,303,2008,Gd,2,12.509874099861838
2426,10930,NAmes,1Fam,5,58,TA,0,2008,TA,1,11.84939770159144
1554,7200,OldTown,1Fam,5,18,TA,0,2010,Gd,2,11.686878772093667
2585,12546,NWAmes,1Fam,6,26,Gd,0,2007,Gd,1,12.116694834378958
2210,21930,Gilbert,1Fam,5,1,Gd,140,2006,TA,1,12.16597955196373
2356,4928,NPkVill,Twnhs,6,33,TA,60,2009,TA,0,11.875830958659597
1184,10800,OldTown,1Fam,4,0,TA,0,2007,TA,0,11.074420502783864
2243,10261,Gilbert,1Fam,6,8,TA,0,2008,TA,1,12.136186518066006
2546,17400,Mitchel,1Fam,5,29,TA,336,2006,TA,1,11.982929094215963
1999,8400,NAmes,1Fam,6,3,Gd,36,2008,Gd,1,12.066810578196666
2008,9000,NAmes,1Fam,4,36,TA,0,2007,TA,0,11.699405031912846
4042,12444,NridgHt,1Fam,8,0,Ex,66,2008,Ex,1,12.885670953244288
2759,7407,OldTown,1Fam,6,14,TA,158,2010,TA,0,11.91638857040772
2700,11584,NWAmes,1Fam,7,28,TA,88,2007,TA,1,12.190959007720126
2843,11526,Crawfor,1Fam,6,14,TA,431,2008,TA,1,12.160028707028767
1965,4426,CollgCr,Twnhs,6,4,Gd,149,2008,Gd,1,11.913712983527281
3584,11003,Somerst,1Fam,10,1,Ex,220,2009,Ex,1,12.644327576461329
1144,8854,BrkSide,1Fam,6,59,TA,98,2009,Fa,1,11.703545824578878
2048,8500,CollgCr,1Fam,7,3,Gd,252,2007,Gd,0,12.098487434850236
1967,8400,Sawyer,1Fam,6,41,TA,0,2007,TA,0,11.76756768334381
2093,26142,Mitchel,1Fam,5,48,TA,300,2010,TA,0,11.969717200243734
3725,10000,CollgCr,1Fam,8,11,Gd,65,2007,Gd,1,12.388394202324129
1730,11767,Edwards,1Fam,4,7,TA,192,2007,TA,0,11.626254150277232
1183,1533,MeadowV,Twnhs,5,36,TA,0,2006,Ex,0,11.429543856031177
1792,9000,NAmes,Duplex,5,35,TA,77,2009,TA,0,11.820410164718188
2418,9262,Somerst,1Fam,8,0,Gd,36,2009,Ex,1,12.567551034433226
2144,3675,Edwards,Twnhs,5,1,TA,28,2006,TA,0,11.884489021402711
1140,17217,Mitchel,1Fam,5,0,TA,92,2006,TA,0,11.344506813345266
2031,7500,Somerst,1Fam,7,4,Gd,113,2009,Gd,0,12.128111104060462
2107,7917,Gilbert,1Fam,6,7,TA,40,2007,TA,1,12.072541252905651
3526,13175,NWAmes,1Fam,6,22,TA,349,2010,TA,2,12.254862809699606
2867,9042,Crawfor,1Fam,7,4,Ex,60,2010,Gd,2,12.493129522588037
2396,9717,NAmes,1Fam,5,14,TA,366,2010,Gd,0,11.864462231052837
2652,9937,Edwards,1Fam,5,43,Gd,804,2008,TA,0,11.901583454762012
