Total_size,LotArea,Neighborhood,OverallQual,Age_at_sale,YrSold
2238.0,11622,NAmes,5,49,2010
2564.0,14267,NAmes,6,52,2010
2902.0,13830,Gilbert,5,12,2010
2676.0,9978,Gilbert,6,12,2010
2049.0,5005,StoneBr,8,18,2010
2095.0,10000,Gilbert,6,16,2010
2542.0,7980,Gilbert,6,3,2010
1858.0,8402,Gilbert,6,12,2010
2484.0,10176,Gilbert,7,20,2010
2289.0,8400,NAmes,4,40,2010
2899.0,5858,NAmes,7,11,2010
1407.0,1680,BrDale,6,39,2010
1712.0,1680,BrDale,5,39,2010
2410.0,2280,NPkVill,6,35,2010
1144.0,2280,NPkVill,7,35,2010
3085.0,12858,NridgHt,9,0,2010
2412.0,12883,NridgHt,8,0,2010
2538.0,11520,NridgHt,9,5,2010
2528.0,14122,NridgHt,8,4,2010
5027.0,14300,NridgHt,9,6,2010
3584.0,13650,NridgHt,8,8,2010
1878.0,7132,NridgHt,8,4,2010
1754.0,18494,Gilbert,6,5,2010
1598.0,3203,Blmngtn,7,4,2010
2100.0,13300,Gilbert,7,6,2010
2166.0,8577,Gilbert,7,6,2010
3437.0,17433,NoRidge,8,12,2010
2475.0,8987,Somerst,8,4,2010
1894.0,9215,Somerst,7,0,2010
3410.0,10440,Somerst,6,5,2010
2143.0,11920,SawyerW,7,6,2010
1441.0,9800,SawyerW,5,60,2010
2940.0,15410,Sawyer,6,8,2010
4342.0,13143,NoRidge,8,17,2010
4067.0,11134,NoRidge,8,17,2010
3292.0,4835,Somerst,7,5,2010
2268.0,3515,Somerst,7,6,2010
1960.0,3215,Somerst,7,6,2010
2090.0,2544,Somerst,7,5,2010
2092.0,2544,Somerst,6,5,2010
2418.0,2980,Somerst,6,10,2010
1820.0,2403,Somerst,7,7,2010
3302.0,12853,Somerst,8,0,2010
2924.0,7379,Somerst,8,10,2010
2921.0,8000,Somerst,7,8,2010
2870.0,10456,NWAmes,6,43,2010
4292.0,10791,NWAmes,6,17,2010
3302.0,18837,NWAmes,6,32,2010
2415.0,9600,NWAmes,6,39,2010
2420.0,9600,NAmes,5,44,2010
2772.0,9900,NAmes,5,44,2010
3037.0,9680,NAmes,5,43,2010
2255.0,10600,NAmes,6,46,2010
3228.0,13260,NAmes,5,9,2010
3531.0,9724,NAmes,5,8,2010
2326.0,17360,NAmes,6,60,2010
2387.0,11380,NAmes,6,2,2010
2180.0,8267,NAmes,5,52,2010
3288.0,8197,NAmes,7,1,2010
2469.0,8050,NAmes,5,51,2010
2454.0,10725,NAmes,5,51,2010
2754.0,10032,NAmes,6,51,2010
1600.0,8382,NAmes,4,54,2010
1721.0,10950,NAmes,5,58,2010
1925.0,10895,NAmes,5,55,2010
1784.0,13587,NAmes,5,52,2010
1661.0,7898,NAmes,4,16,2010
2159.0,8064,NAmes,6,6,2010
2597.0,7635,NAmes,5,50,2010
2815.0,9760,NAmes,6,26,2010
2132.0,4800,OldTown,4,56,2010
1515.0,4485,OldTown,5,60,2010
3245.0,5805,OldTown,5,53,2010
1491.0,6900,OldTown,6,10,2010
2653.0,11851,OldTown,5,1,2010
1736.0,8239,OldTown,5,48,2010
1612.0,9656,OldTown,2,40,2010
1854.0,9600,OldTown,8,7,2010
2892.0,9000,OldTown,8,8,2010
2256.0,9045,OldTown,5,60,2010
2377.0,10560,OldTown,6,16,2010
2763.0,5830,BrkSide,5,13,2010
2857.0,7793,BrkSide,7,5,2010
1153.0,5000,BrkSide,4,60,2010
1836.0,6000,BrkSide,6,60,2010
2036.0,6000,BrkSide,6,60,2010
2212.0,6360,BrkSide,5,60,2010
2028.0,6000,BrkSide,6,60,2010
1940.0,6240,BrkSide,5,30,2010
2464.0,6240,BrkSide,5,60,2010
2316.0,6120,OldTown,6,60,2010
2534.0,8094,OldTown,4,60,2010
1560.0,12900,OldTown,6,1,2010
1504.0,3068,OldTown,6,17,2010
2806.0,15263,ClearCr,5,51,2010
1404.0,10632,ClearCr,5,60,2010
2418.0,9900,SWISU,5,60,2010
1518.0,6001,SWISU,6,60,2010
1957.0,6449,SWISU,4,60,2010
2866.0,6048,SWISU,5,60,2010
2536.0,10773,Sawyer,4,43,2010
2022.0,7800,Sawyer,5,2,2010
1919.0,7832,Sawyer,5,42,2010
3283.0,7424,Sawyer,5,32,2010
2640.0,11227,Sawyer,5,42,2010
3265.0,20062,ClearCr,7,9,2010
1196.0,9259,Sawyer,4,60,2010
3467.0,17082,ClearCr,6,18,2010
3062.0,18600,Edwards,3,20,2010
2032.0,11479,Edwards,6,23,2010
1570.0,9350,Edwards,4,31,2010
2492.0,9525,Edwards,5,12,2010
3426.0,17485,Edwards,7,0,2010
1802.0,11200,Edwards,5,46,2010
3394.0,11980,SawyerW,7,23,2010
3679.0,12361,SawyerW,6,17,2010
1861.0,7360,CollgCr,7,0,2010
1929.0,14235,SawyerW,6,17,2010
2415.0,11105,CollgCr,5,14,2010
2558.0,9337,CollgCr,7,12,2010
2220.0,15240,CollgCr,5,6,2010
1840.0,7480,CollgCr,5,38,2010
4510.0,10389,CollgCr,8,7,2010
2719.0,9375,CollgCr,7,13,2010
1940.0,4435,CollgCr,6,7,2010
880.0,8777,Edwards,3,3,2010
1311.0,8842,Edwards,5,56,2010
2602.0,10044,Edwards,5,42,2010
1600.0,11792,Edwards,4,60,2010
1976.0,6305,Edwards,6,35,2010
960.0,6410,Edwards,4,52,2010
1689.0,4853,SWISU,5,11,2010
1493.0,7890,SWISU,6,60,2010
2650.0,7200,SWISU,4,43,2010
1666.0,9839,SWISU,5,60,2010
3123.0,10452,Crawfor,7,25,2010
3036.0,15600,Crawfor,5,19,2010
2468.0,19645,Crawfor,7,3,2010
2379.0,3907,Blueste,8,21,2010
1798.0,3907,Blueste,8,21,2010
1220.0,8154,IDOTRR,2,60,2010
2040.0,9140,IDOTRR,6,35,2010
1282.0,8712,IDOTRR,4,60,2010
3544.0,3811,Crawfor,8,5,2010
3272.0,11050,Mitchel,8,11,2010
2437.0,9620,Mitchel,6,33,2010
2824.0,12760,Mitchel,6,34,2010
2084.0,11896,Timber,7,2,2010
1734.0,9803,Timber,7,0,2010
1844.0,9802,Timber,5,3,2010
1834.0,15300,Mitchel,5,33,2010
2054.0,10114,Mitchel,5,5,2010
2030.0,11875,Mitchel,5,11,2010
2113.0,2394,MeadowV,5,37,2010
1268.0,1476,MeadowV,4,40,2010
1092.0,1900,MeadowV,4,40,2010
1672.0,1890,MeadowV,4,38,2010
1695.0,6953,Mitchel,5,6,2010
2125.0,12887,Mitchel,5,26,2010
3048.0,7700,Mitchel,5,24,2010
2308.0,10475,Mitchel,5,19,2010
2230.0,10544,Mitchel,5,41,2010
3910.0,9892,Mitchel,8,15,2010
3357.0,12961,Mitchel,6,16,2010
1948.0,13008,NAmes,6,53,2009
2806.0,10200,NAmes,6,35,2009
2925.0,10179,Gilbert,6,12,2009
3765.0,11792,Gilbert,8,6,2009
2302.0,8400,Gilbert,7,12,2009
5051.0,7296,StoneBr,8,4,2009
2314.0,7380,StoneBr,8,11,2009
3003.0,8013,StoneBr,8,13,2009
1967.0,8923,Gilbert,7,11,2009
2552.0,7500,Gilbert,6,10,2009
2525.0,8803,Gilbert,6,14,2009
1620.0,7250,Gilbert,6,16,2009
2901.0,11900,Gilbert,5,32,2009
2579.0,13250,NWAmes,7,31,2009
2518.0,10928,NWAmes,6,23,2009
3716.0,12388,NWAmes,7,18,2009
3018.0,11088,NWAmes,6,11,2009
3087.0,7000,Somerst,7,6,2009
2462.0,7500,Somerst,8,8,2009
2877.0,8470,Somerst,8,7,2009
3600.0,9373,NWAmes,5,34,2009
2532.0,10140,NWAmes,6,35,2009
2335.0,11050,NWAmes,7,34,2009
1657.0,7830,NAmes,5,39,2009
1886.0,8510,NAmes,5,38,2009
2166.0,7038,NAmes,4,39,2009
1680.0,9000,NAmes,4,3,2009
1505.0,1680,BrDale,6,36,2009
1679.0,1680,BrDale,6,37,2009
2294.0,2308,NPkVill,6,33,2009
2552.0,2280,NPkVill,7,34,2009
2285.0,2349,NPkVill,6,32,2009
2308.0,2364,NPkVill,6,31,2009
2175.0,2364,NPkVill,6,31,2009
1717.0,2104,NPkVill,7,33,2009
2420.0,10710,NAmes,5,5,2009
4886.0,14257,NridgHt,9,2,2009
4540.0,12350,NridgHt,9,0,2009
4148.0,12350,NridgHt,9,1,2009
5724.0,13693,NridgHt,10,2,2009
2570.0,11578,NridgHt,9,1,2009
4245.0,16870,NridgHt,8,4,2009
4390.0,23303,NridgHt,8,2,2009
3685.0,10367,NridgHt,9,1,2009
3268.0,10872,NridgHt,9,3,2009
3800.0,13514,NridgHt,9,1,2009
3605.0,12878,NridgHt,7,5,2009
5310.0,15274,NridgHt,9,6,2009
3130.0,13262,NridgHt,8,5,2009
2477.0,9658,NridgHt,8,3,2009
2678.0,6904,NridgHt,6,4,2009
2811.0,5122,NridgHt,6,4,2009
2718.0,10307,NridgHt,7,1,2009
5587.0,14836,NridgHt,10,4,2009
4442.0,15262,NridgHt,8,5,2009
3333.0,7390,NridgHt,9,0,2009
1995.0,6472,NridgHt,9,1,2009
3609.0,16770,NridgHt,8,6,2009
1883.0,3480,NridgHt,7,6,2009
1846.0,10928,Gilbert,7,4,2009
1882.0,8918,Gilbert,6,3,2009
1633.0,3182,Blmngtn,7,3,2009
1774.0,9434,Gilbert,7,4,2009
2066.0,7984,Gilbert,7,4,2009
2028.0,10125,Gilbert,7,5,2009
2541.0,8965,Gilbert,7,6,2009
2229.0,8174,Gilbert,7,6,2009
3299.0,12891,Gilbert,8,7,2009
2128.0,9734,Gilbert,7,5,2009
2591.0,8433,Gilbert,6,9,2009
1830.0,7750,Gilbert,7,9,2009
3883.0,15896,Gilbert,7,10,2009
1840.0,7848,Gilbert,7,10,2009
4670.0,12720,NoRidge,8,9,2009
4640.0,10750,NoRidge,8,14,2009
3524.0,9085,NoRidge,7,13,2009
3479.0,11692,NoRidge,8,15,2009
2668.0,11194,Somerst,8,1,2009
2384.0,10206,Somerst,8,1,2009
3840.0,10130,Somerst,8,2,2009
2303.0,9139,Somerst,8,3,2009
5443.0,11128,Somerst,9,3,2009
1965.0,7993,Somerst,7,0,2009
2027.0,8640,Somerst,7,1,2009
2514.0,12606,Somerst,9,1,2009
2164.0,7500,Somerst,8,2,2009
3259.0,10603,Somerst,8,3,2009
2353.0,8125,Somerst,8,0,2009
3803.0,10625,Somerst,7,2,2009
3272.0,8736,Somerst,7,5,2009
2691.0,8127,Somerst,7,6,2009
1794.0,9605,SawyerW,7,2,2009
1679.0,7500,SawyerW,7,3,2009
1158.0,7500,SawyerW,6,5,2009
2290.0,10628,SawyerW,7,5,2009
3647.0,10141,SawyerW,8,5,2009
1690.0,13072,SawyerW,7,4,2009
1114.0,13072,SawyerW,5,5,2009
2526.0,12450,SawyerW,5,5,2009
2238.0,7328,SawyerW,7,0,2009
3318.0,11492,SawyerW,7,12,2009
2674.0,7703,SawyerW,6,17,2009
1874.0,7175,SawyerW,6,18,2009
2667.0,9109,SawyerW,7,15,2009
2196.0,10274,SawyerW,6,23,2009
2494.0,8250,SawyerW,6,28,2009
2332.0,9750,Sawyer,5,47,2009
2256.0,8499,Sawyer,5,48,2009
2168.0,9079,Sawyer,5,48,2009
1852.0,9316,Sawyer,5,44,2009
1836.0,7791,Sawyer,5,14,2009
1894.0,7150,Sawyer,5,47,2009
4703.0,15676,Veenker,8,29,2009
3096.0,11949,NoRidge,7,1,2009
3709.0,2880,Somerst,7,4,2009
2287.0,3830,Somerst,6,1,2009
2859.0,4217,Somerst,6,1,2009
2459.0,2998,Somerst,6,9,2009
2507.0,3768,Somerst,7,10,2009
3724.0,14694,Veenker,8,1,2009
2401.0,15417,Veenker,7,28,2009
3026.0,9600,Veenker,8,33,2009
3453.0,12732,NWAmes,7,35,2009
3155.0,10400,NWAmes,6,12,2009
2538.0,9600,NWAmes,5,40,2009
2507.0,9000,NWAmes,6,40,2009
3240.0,13774,NWAmes,7,17,2009
1824.0,7130,NAmes,5,42,2009
2008.0,9600,NAmes,5,42,2009
3257.0,9600,NWAmes,7,35,2009
2777.0,16500,NWAmes,6,38,2009
2024.0,7436,NAmes,4,49,2009
1575.0,8125,NAmes,5,50,2009
2905.0,9450,NAmes,4,52,2009
3130.0,13495,NAmes,5,53,2009
2745.0,9350,NAmes,5,14,2009
2810.0,10500,NAmes,5,45,2009
3077.0,8970,NAmes,5,44,2009
2512.0,11475,NAmes,6,48,2009
1637.0,9768,NAmes,5,54,2009
3414.0,9900,NAmes,6,42,2009
3295.0,10573,NAmes,6,48,2009
3496.0,14695,NAmes,6,1,2009
2286.0,8760,NAmes,5,53,2009
2314.0,12285,NAmes,7,49,2009
1993.0,9240,NAmes,6,11,2009
2143.0,8750,NAmes,5,53,2009
2387.0,8750,NAmes,5,54,2009
2399.0,10400,NAmes,4,53,2009
2361.0,9482,NAmes,5,51,2009
1849.0,8128,NAmes,6,55,2009
1900.0,13070,NAmes,5,58,2009
1733.0,8480,NAmes,5,59,2009
2192.0,7626,NAmes,5,4,2009
1826.0,9533,NAmes,5,56,2009
2636.0,11419,NAmes,7,10,2009
1836.0,9600,NAmes,5,59,2009
1158.0,5470,OldTown,3,51,2009
2072.0,10800,OldTown,5,3,2009
1320.0,8146,OldTown,4,6,2009
1342.0,10230,OldTown,5,59,2009
1841.0,10410,OldTown,4,59,2009
2314.0,7200,OldTown,7,1,2009
599.0,5400,OldTown,2,59,2009
1422.0,10800,OldTown,5,59,2009
1045.0,10800,OldTown,3,11,2009
3451.0,9671,NAmes,6,40,2009
2128.0,10143,NAmes,6,46,2009
2452.0,11500,NAmes,6,42,2009
2176.0,8010,NAmes,6,2,2009
1959.0,10454,NAmes,6,52,2009
1526.0,9000,NAmes,6,51,2009
2654.0,8064,NAmes,6,59,2009
1335.0,7350,NAmes,5,51,2009
1704.0,7200,NAmes,5,57,2009
1999.0,8000,NAmes,5,50,2009
1845.0,10800,NAmes,4,13,2009
1760.0,8064,NAmes,6,15,2009
2289.0,7570,NAmes,6,45,2009
2446.0,8604,NAmes,5,31,2009
2135.0,7936,NAmes,6,46,2009
1540.0,4080,OldTown,6,11,2009
2901.0,10307,OldTown,6,59,2009
1778.0,15660,OldTown,5,6,2009
1464.0,9900,OldTown,5,7,2009
2379.0,6406,OldTown,5,59,2009
1701.0,7627,OldTown,4,59,2009
1447.0,10134,OldTown,5,59,2009
2020.0,6000,OldTown,5,39,2009
1149.0,7404,OldTown,4,59,2009
920.0,5925,OldTown,2,59,2009
1079.0,8520,OldTown,5,59,2009
2230.0,9600,OldTown,4,59,2009
2364.0,8400,OldTown,6,59,2009
1568.0,3600,OldTown,6,2,2009
816.0,3300,OldTown,4,59,2009
1251.0,5400,OldTown,6,59,2009
2161.0,9720,OldTown,6,7,2009
797.0,9392,IDOTRR,3,59,2009
1648.0,6615,BrkSide,6,59,2009
1990.0,4960,BrkSide,5,27,2009
1682.0,6000,BrkSide,5,59,2009
1259.0,6120,BrkSide,5,10,2009
2105.0,6120,BrkSide,5,59,2009
2390.0,8635,BrkSide,5,59,2009
2344.0,8094,OldTown,6,59,2009
2160.0,9928,OldTown,7,15,2009
2128.0,3000,OldTown,5,59,2009
2768.0,6876,IDOTRR,6,59,2009
1806.0,5775,OldTown,6,7,2009
2033.0,5852,OldTown,7,9,2009
2050.0,5160,IDOTRR,6,59,2009
1704.0,5160,IDOTRR,4,59,2009
2249.0,10320,IDOTRR,6,44,2009
924.0,4280,Sawyer,4,8,2009
2400.0,10800,Edwards,5,21,2009
2556.0,10547,Edwards,5,31,2009
1338.0,9780,Edwards,5,59,2009
2247.0,11625,Sawyer,5,42,2009
1994.0,8014,Sawyer,6,31,2009
1899.0,15400,Sawyer,5,48,2009
2206.0,15312,Sawyer,6,49,2009
2407.0,15584,ClearCr,5,53,2009
660.0,9000,Sawyer,2,59,2009
1881.0,15635,Edwards,4,55,2009
1670.0,9571,Edwards,5,53,2009
2221.0,9350,Edwards,6,59,2009
1514.0,7440,Edwards,5,55,2009
2260.0,4235,Edwards,5,25,2009
2269.0,10778,SawyerW,7,18,2009
2434.0,19255,SawyerW,6,26,2009
2826.0,10560,SawyerW,7,15,2009
2592.0,26400,SawyerW,5,2,2009
2948.0,7018,SawyerW,5,30,2009
1935.0,7018,SawyerW,5,30,2009
2995.0,7040,SawyerW,5,30,2009
1913.0,7007,SawyerW,5,30,2009
4427.0,11855,SawyerW,7,9,2009
4427.0,7939,SawyerW,7,9,2009
4427.0,7976,SawyerW,7,9,2009
3839.0,10933,CollgCr,9,0,2009
3670.0,10816,CollgCr,9,1,2009
2372.0,9178,CollgCr,8,1,2009
3721.0,11422,CollgCr,8,1,2009
2854.0,6762,CollgCr,7,2,2009
2936.0,10324,CollgCr,8,1,2009
2366.0,11645,CollgCr,8,3,2009
1862.0,11646,CollgCr,6,3,2009
3084.0,16698,ClearCr,7,16,2009
2185.0,9757,CollgCr,5,15,2009
2952.0,14753,CollgCr,7,11,2009
2870.0,8750,CollgCr,6,11,2009
3280.0,10739,CollgCr,7,7,2009
2124.0,11166,CollgCr,7,8,2009
1875.0,16269,CollgCr,5,31,2009
2140.0,6950,CollgCr,5,30,2009
4076.0,11664,CollgCr,7,7,2009
2754.0,12334,CollgCr,8,6,2009
2275.0,8749,CollgCr,7,7,2009
2478.0,11250,CollgCr,7,8,2009
3280.0,15750,CollgCr,8,9,2009
3711.0,12782,CollgCr,8,6,2009
3039.0,8750,CollgCr,7,11,2009
3890.0,10200,CollgCr,8,2,2009
1836.0,11069,CollgCr,6,2,2009
2092.0,10682,Edwards,4,38,2009
2144.0,3675,Edwards,6,3,2009
1771.0,6410,Edwards,4,50,2009
2641.0,11767,Edwards,5,59,2009
1678.0,10926,Edwards,5,50,2009
2419.0,11767,Edwards,5,53,2009
2180.0,8212,Edwards,5,59,2009
2350.0,6300,SWISU,5,59,2009
1422.0,5707,SWISU,6,59,2009
1672.0,8574,Crawfor,6,9,2009
1443.0,7155,Crawfor,7,19,2009
2735.0,13680,Crawfor,5,59,2009
2373.0,14680,Crawfor,5,49,2009
3126.0,8145,Crawfor,7,59,2009
2350.0,9100,Crawfor,5,55,2009
2964.0,13339,Crawfor,6,49,2009
2637.0,15600,Crawfor,5,4,2009
3701.0,17500,Crawfor,6,55,2009
1484.0,1733,Blueste,6,29,2009
2162.0,1488,Blueste,6,17,2009
1691.0,1612,Blueste,6,29,2009
2937.0,13607,Crawfor,6,23,2009
4138.0,17597,Crawfor,7,0,2009
2432.0,8660,IDOTRR,5,16,2009
772.0,10200,IDOTRR,4,59,2009
3606.0,3843,Crawfor,8,1,2009
1090.0,21780,IDOTRR,2,59,2009
3389.0,10125,Mitchel,8,8,2009
2044.0,9750,Mitchel,6,32,2009
2785.0,9360,Mitchel,6,32,2009
2322.0,11070,Mitchel,5,18,2009
4574.0,13438,Timber,9,1,2009
3641.0,14463,Timber,9,1,2009
3139.0,9839,Timber,6,3,2009
3585.0,14419,Timber,7,20,2009
2500.0,9157,Timber,7,6,2009
4538.0,12633,Timber,9,2,2009
1924.0,12518,Mitchel,5,41,2009
2502.0,13383,Mitchel,5,9,2009
1928.0,7689,Mitchel,5,37,2009
1904.0,7706,Mitchel,6,13,2009
2409.0,7669,Mitchel,5,16,2009
2057.0,10429,Mitchel,5,17,2009
3314.0,10457,Mitchel,5,40,2009
2780.0,8702,Gilbert,6,10,2008
2366.0,8139,Gilbert,6,12,2008
2927.0,9535,Gilbert,6,10,2008
2160.0,15038,Gilbert,6,12,2008
2238.0,14137,Gilbert,5,11,2008
2866.0,6264,StoneBr,8,11,2008
1786.0,5070,StoneBr,8,16,2008
2093.0,11184,Gilbert,6,10,2008
2629.0,14067,Gilbert,6,17,2008
2118.0,5950,StoneBr,8,19,2008
3199.0,13543,StoneBr,8,3,2008
3891.0,15401,StoneBr,9,4,2008
1969.0,31220,Gilbert,6,56,2008
3301.0,8118,StoneBr,9,1,2008
2226.0,47280,Gilbert,6,58,2008
3199.0,12680,NWAmes,7,20,2008
2605.0,10825,NWAmes,7,25,2008
4006.0,18559,NWAmes,7,30,2008
3646.0,14450,NWAmes,7,29,2008
2610.0,13068,NWAmes,6,32,2008
2533.0,10400,NWAmes,7,20,2008
2072.0,9743,NWAmes,5,39,2008
5142.0,12511,NWAmes,7,30,2008
1917.0,10400,NWAmes,6,32,2008
4150.0,14311,NWAmes,8,12,2008
2272.0,9000,NAmes,5,34,2008
1476.0,10295,NAmes,4,39,2008
2172.0,7560,NAmes,5,37,2008
1709.0,1680,BrDale,6,35,2008
1822.0,1890,BrDale,6,36,2008
1916.0,1680,BrDale,5,36,2008
2496.0,2308,NPkVill,6,33,2008
1873.0,2529,NPkVill,7,31,2008
3499.0,12704,NridgHt,8,1,2008
5337.0,13693,NridgHt,8,1,2008
4031.0,14418,NridgHt,9,1,2008
5018.0,13418,NridgHt,9,2,2008
5022.0,12539,NridgHt,10,2,2008
4583.0,12151,NridgHt,9,3,2008
2784.0,8899,NridgHt,8,1,2008
3944.0,10574,NridgHt,8,4,2008
5516.0,12720,NridgHt,10,5,2008
3456.0,10845,NridgHt,8,4,2008
4470.0,16900,NridgHt,8,6,2008
3485.0,16451,NridgHt,8,5,2008
3108.0,10110,NridgHt,9,0,2008
1871.0,12304,NridgHt,7,3,2008
3948.0,8232,NridgHt,9,0,2008
2738.0,6240,NridgHt,8,1,2008
1916.0,6240,NridgHt,8,1,2008
2100.0,2448,NridgHt,7,4,2008
3172.0,3940,Blmngtn,7,5,2008
3331.0,3940,Blmngtn,7,4,2008
1674.0,3710,Blmngtn,7,0,2008
1908.0,9024,Gilbert,6,4,2008
2120.0,8010,Gilbert,7,5,2008
2420.0,8396,Gilbert,7,5,2008
2718.0,7301,NridgHt,7,0,2008
2867.0,8220,Gilbert,7,7,2008
1817.0,7750,Gilbert,7,6,2008
3592.0,12460,Gilbert,7,8,2008
2101.0,8390,Gilbert,7,9,2008
2715.0,9660,NoRidge,8,11,2008
2859.0,11000,NoRidge,9,8,2008
4604.0,11675,NoRidge,8,10,2008
3552.0,10990,NoRidge,7,11,2008
3252.0,11929,NoRidge,8,13,2008
4060.0,10010,NoRidge,7,14,2008
3316.0,13253,Somerst,7,2,2008
2712.0,9801,Somerst,8,1,2008
3483.0,9428,Somerst,8,0,2008
2606.0,10037,Somerst,8,1,2008
1984.0,8640,Somerst,8,0,2008
2320.0,10625,Somerst,8,1,2008
2582.0,7500,Somerst,7,0,2008
2873.0,10110,SawyerW,6,5,2008
2141.0,12774,SawyerW,7,4,2008
1255.0,13072,SawyerW,6,2,2008
1645.0,9260,SawyerW,7,1,2008
2496.0,8453,SawyerW,6,13,2008
2756.0,8480,SawyerW,6,14,2008
2677.0,14565,SawyerW,7,13,2008
2776.0,8450,SawyerW,6,7,2008
2640.0,8285,SawyerW,7,16,2008
2220.0,9100,Sawyer,5,45,2008
2048.0,8100,Sawyer,5,1,2008
2088.0,8450,Sawyer,5,40,2008
1629.0,6360,Sawyer,5,45,2008
2714.0,19508,Veenker,6,34,2008
3132.0,10759,Sawyer,5,36,2008
3860.0,9205,NoRidge,6,17,2008
3942.0,11025,NoRidge,9,14,2008
1764.0,3435,Somerst,7,3,2008
2070.0,3180,Somerst,6,3,2008
1932.0,3180,Somerst,7,1,2008
2539.0,2280,Somerst,6,9,2008
3160.0,4765,Somerst,9,8,2008
2859.0,4538,Somerst,9,7,2008
2971.0,4385,Somerst,9,7,2008
3182.0,4109,Somerst,9,8,2008
2466.0,2160,Somerst,7,8,2008
3016.0,10646,Somerst,7,7,2008
2678.0,2645,Somerst,8,9,2008
2900.0,2645,Somerst,8,8,2008
4209.0,3951,Somerst,10,9,2008
2946.0,11064,Veenker,8,13,2008
4218.0,24572,Veenker,9,31,2008
3647.0,16280,Veenker,8,1,2008
2281.0,7500,Somerst,7,6,2008
2771.0,11104,NWAmes,6,39,2008
2553.0,11050,NWAmes,6,40,2008
3095.0,15387,NWAmes,7,41,2008
2109.0,9750,NWAmes,5,43,2008
2666.0,8814,NAmes,5,40,2008
2217.0,8125,NAmes,5,3,2008
2304.0,11072,NAmes,5,43,2008
2717.0,13355,NWAmes,7,37,2008
1281.0,7785,NAmes,5,52,2008
1565.0,9900,NAmes,5,47,2008
1910.0,11332,NAmes,5,8,2008
1257.0,4882,BrkSide,4,58,2008
2604.0,9600,NAmes,5,48,2008
1941.0,9600,NAmes,5,2,2008
1879.0,7584,NAmes,5,55,2008
3043.0,14670,NAmes,6,9,2008
2141.0,8856,NAmes,5,51,2008
2973.0,9840,NAmes,5,10,2008
2969.0,13200,NAmes,6,50,2008
2262.0,10425,NAmes,5,50,2008
1270.0,11556,NAmes,5,56,2008
2484.0,9373,NAmes,5,55,2008
2102.0,12774,NAmes,5,55,2008
2330.0,14250,NAmes,6,51,2008
2065.0,8838,NAmes,5,26,2008
2308.0,12436,NAmes,5,51,2008
1259.0,10122,OldTown,4,58,2008
1447.0,7506,OldTown,5,58,2008
980.0,5400,OldTown,4,3,2008
2924.0,10836,OldTown,5,58,2008
2160.0,10180,NAmes,5,40,2008
2444.0,11355,NAmes,7,7,2008
2179.0,12929,NAmes,6,15,2008
1884.0,7200,NAmes,5,57,2008
2531.0,8000,NAmes,5,49,2008
2165.0,8000,NAmes,5,46,2008
2211.0,8064,NAmes,6,58,2008
1264.0,6390,NAmes,6,54,2008
2191.0,7200,NAmes,6,54,2008
1800.0,8513,NAmes,5,47,2008
2438.0,7200,NAmes,5,41,2008
1175.0,7200,NAmes,5,54,2008
1381.0,7590,NAmes,5,45,2008
1537.0,9836,OldTown,6,0,2008
1723.0,9184,OldTown,5,3,2008
1690.0,4800,OldTown,5,5,2008
928.0,4800,OldTown,5,58,2008
1764.0,6000,OldTown,6,3,2008
1486.0,11426,OldTown,4,12,2008
2096.0,7628,OldTown,4,23,2008
2325.0,7308,OldTown,5,58,2008
1027.0,5400,OldTown,7,2,2008
2854.0,10800,OldTown,6,58,2008
1099.0,6756,OldTown,5,58,2008
1080.0,5914,OldTown,5,12,2008
2813.0,9000,OldTown,5,58,2008
704.0,7311,OldTown,2,58,2008
1588.0,12205,OldTown,3,16,2008
2047.0,9142,OldTown,5,2,2008
1854.0,5350,OldTown,7,43,2008
1325.0,9143,OldTown,5,5,2008
2977.0,9600,OldTown,5,48,2008
1540.0,6000,OldTown,5,3,2008
1486.0,11340,OldTown,2,58,2008
2837.0,10800,OldTown,7,9,2008
1492.0,9750,OldTown,5,49,2008
1401.0,8516,OldTown,4,2,2008
2110.0,7111,BrkSide,5,25,2008
1920.0,7425,BrkSide,7,58,2008
2153.0,7010,BrkSide,5,58,2008
2050.0,5000,BrkSide,5,2,2008
1490.0,5870,BrkSide,6,8,2008
2433.0,6000,BrkSide,6,19,2008
1319.0,6000,BrkSide,5,5,2008
2532.0,6000,BrkSide,6,8,2008
1846.0,6000,BrkSide,6,58,2008
1173.0,5000,BrkSide,6,58,2008
1639.0,5520,BrkSide,5,11,2008
,5940,BrkSide,4,58,2008
1552.0,6240,BrkSide,4,58,2008
972.0,6120,BrkSide,5,13,2008
2949.0,6240,BrkSide,7,58,2008
2681.0,6120,OldTown,5,58,2008
2388.0,9144,BrkSide,6,4,2008
2540.0,8094,OldTown,6,25,2008
1837.0,4347,OldTown,6,58,2008
1208.0,6291,IDOTRR,6,58,2008
2216.0,10266,IDOTRR,6,56,2008
1672.0,6876,IDOTRR,6,50,2008
1708.0,10320,IDOTRR,5,30,2008
1360.0,7200,IDOTRR,6,16,2008
1741.0,7006,IDOTRR,6,58,2008
1335.0,10320,IDOTRR,5,17,2008
1344.0,10320,IDOTRR,3,58,2008
1294.0,9488,Sawyer,5,15,2008
2299.0,11235,Sawyer,5,45,2008
2108.0,13014,Sawyer,6,30,2008
2044.0,10265,Sawyer,5,3,2008
1988.0,7703,Sawyer,6,30,2008
1564.0,9981,Sawyer,5,41,2008
2692.0,7400,Sawyer,5,24,2008
2840.0,12900,Sawyer,5,58,2008
1894.0,9239,Sawyer,5,5,2008
2585.0,14175,Sawyer,6,52,2008
3335.0,10532,ClearCr,5,48,2008
2313.0,8375,Sawyer,5,35,2008
2520.0,10200,Sawyer,5,38,2008
2601.0,20270,ClearCr,7,29,2008
1328.0,5190,Edwards,7,58,2008
2553.0,19550,Edwards,5,1,2008
2701.0,9571,Edwards,5,52,2008
1728.0,9350,Edwards,5,33,2008
1873.0,9360,Edwards,6,7,2008
4207.0,9771,SawyerW,6,6,2008
3431.0,9938,SawyerW,7,14,2008
3008.0,14171,SawyerW,7,14,2008
2509.0,10541,SawyerW,7,12,2008
1840.0,10616,CollgCr,7,1,2008
2479.0,9345,CollgCr,8,1,2008
5709.0,11778,CollgCr,9,0,2008
3793.0,11778,CollgCr,9,0,2008
3092.0,11454,SawyerW,8,13,2008
3066.0,11500,ClearCr,6,42,2008
2240.0,9750,CollgCr,5,14,2008
3284.0,8696,CollgCr,7,10,2008
3059.0,13142,CollgCr,6,11,2008
2711.0,8998,CollgCr,7,8,2008
3112.0,12192,CollgCr,7,7,2008
2483.0,12250,CollgCr,5,30,2008
1946.0,9216,CollgCr,5,33,2008
2682.0,14330,CollgCr,5,7,2008
2731.0,10400,CollgCr,7,7,2008
3866.0,9720,CollgCr,9,6,2008
4039.0,14860,CollgCr,8,5,2008
2923.0,10905,CollgCr,7,5,2008
2324.0,11690,CollgCr,8,8,2008
1930.0,4426,CollgCr,6,4,2008
4314.0,10126,CollgCr,6,10,2008
1939.0,9750,CollgCr,7,4,2008
2434.0,11058,CollgCr,7,1,2008
1995.0,9627,CollgCr,7,1,2008
1965.0,9825,Edwards,5,42,2008
1993.0,12102,Edwards,5,32,2008
2640.0,6500,Edwards,6,32,2008
2147.0,9638,Edwards,6,31,2008
2126.0,7200,Edwards,6,7,2008
4444.0,47007,Edwards,5,12,2008
1152.0,6012,Edwards,4,53,2008
1152.0,6845,Edwards,4,53,2008
1568.0,6931,Edwards,4,53,2008
1053.0,12180,Edwards,5,1,2008
1137.0,8050,Edwards,5,15,2008
1983.0,9520,Edwards,4,55,2008
1516.0,7692,Edwards,4,54,2008
1721.0,5142,Edwards,4,0,2008
1736.0,7290,SWISU,7,58,2008
3360.0,7804,SWISU,6,58,2008
2064.0,8969,Crawfor,6,58,2008
1664.0,15564,Crawfor,6,13,2008
2098.0,7609,Crawfor,8,11,2008
2202.0,9650,Crawfor,6,58,2008
2784.0,11700,Crawfor,5,13,2008
1599.0,9260,Crawfor,5,58,2008
1935.0,7801,Crawfor,6,57,2008
2869.0,9670,Crawfor,8,58,2008
3102.0,12392,Crawfor,7,8,2008
3498.0,26073,Crawfor,5,52,2008
1860.0,1879,Blueste,6,28,2008
1453.0,7000,IDOTRR,6,10,2008
1330.0,6000,IDOTRR,6,2,2008
1200.0,8155,IDOTRR,5,58,2008
2201.0,6000,IDOTRR,5,41,2008
1272.0,7392,IDOTRR,5,13,2008
2641.0,9000,IDOTRR,5,50,2008
1220.0,14584,IDOTRR,1,56,2008
1546.0,5280,IDOTRR,4,58,2008
1244.0,5150,IDOTRR,4,8,2008
1080.0,9000,IDOTRR,4,58,2008
3649.0,3843,Crawfor,8,0,2008
3602.0,3811,Crawfor,7,3,2008
3518.0,23730,Mitchel,7,11,2008
2636.0,11050,Mitchel,7,11,2008
2356.0,10260,Mitchel,5,32,2008
3504.0,9990,Mitchel,4,17,2008
2906.0,4084,Timber,7,22,2008
3361.0,11563,Timber,8,1,2008
3162.0,12852,Timber,8,1,2008
1842.0,9802,Timber,5,1,2008
2278.0,12018,Timber,7,0,2008
1933.0,12890,Timber,6,19,2008
2814.0,18265,Timber,6,22,2008
2936.0,11202,Timber,8,5,2008
3333.0,7915,Timber,6,8,2008
3259.0,11449,Timber,8,1,2008
4427.0,11447,Timber,8,2,2008
3437.0,8940,Mitchel,7,10,2008
1092.0,9278,Mitchel,5,0,2008
2445.0,4500,Mitchel,6,11,2008
3162.0,14137,Mitchel,4,44,2008
2308.0,4224,MeadowV,5,33,2008
2129.0,2665,MeadowV,5,32,2008
1786.0,1974,MeadowV,4,2,2008
1722.0,1596,MeadowV,4,35,2008
2202.0,17979,Mitchel,5,40,2008
1450.0,1477,MeadowV,6,1,2008
1614.0,6490,Mitchel,5,25,2008
1747.0,6600,Mitchel,5,3,2008
2020.0,12395,Mitchel,5,24,2008
2124.0,56600,IDOTRR,5,58,2008
2950.0,10667,NAmes,6,36,2007
1774.0,8872,Gilbert,6,10,2007
2278.0,10147,Gilbert,6,13,2007
3036.0,8637,Gilbert,6,7,2007
2387.0,7875,Gilbert,7,11,2007
2781.0,7500,Gilbert,6,4,2007
1607.0,9556,Gilbert,7,14,2007
2034.0,7655,Gilbert,6,13,2007
2158.0,18160,Gilbert,6,43,2007
1907.0,4740,StoneBr,8,19,2007
2731.0,5118,StoneBr,8,17,2007
4256.0,12328,StoneBr,8,2,2007
4549.0,51974,StoneBr,9,0,2007
3299.0,41600,Gilbert,5,17,2007
2965.0,8035,StoneBr,9,1,2007
4516.0,14082,StoneBr,8,1,2007
3918.0,13870,StoneBr,10,0,2007
2020.0,10960,NWAmes,6,23,2007
2284.0,12090,NWAmes,7,4,2007
3655.0,12299,NWAmes,7,22,2007
3169.0,11339,NWAmes,7,28,2007
2453.0,11850,NWAmes,6,23,2007
2734.0,10400,NWAmes,6,8,2007
2777.0,13001,NWAmes,6,36,2007
3137.0,8991,NWAmes,7,31,2007
3449.0,8000,NWAmes,6,33,2007
2564.0,9457,NAmes,5,17,2007
1982.0,7920,NAmes,5,5,2007
1498.0,17199,NAmes,4,46,2007
1848.0,4113,NAmes,6,6,2007
2789.0,10943,NAmes,6,9,2007
1668.0,2205,BrDale,6,34,2007
1482.0,2058,BrDale,6,34,2007
2012.0,2304,NPkVill,7,29,2007
2073.0,7150,NAmes,5,41,2007
3697.0,12469,NridgHt,9,0,2007
2550.0,11825,NridgHt,8,0,2007
4578.0,14333,NridgHt,8,0,2007
5000.0,13641,NridgHt,9,0,2007
3220.0,13440,NridgHt,8,0,2007
4354.0,15431,NridgHt,10,1,2007
5296.0,13891,NridgHt,9,0,2007
3572.0,13654,NridgHt,9,1,2007
5148.0,17169,NridgHt,10,0,2007
2880.0,16659,NridgHt,8,-1,2007
3664.0,9709,NridgHt,8,0,2007
2645.0,13615,NridgHt,9,1,2007
3872.0,13069,NridgHt,8,3,2007
4141.0,14277,NridgHt,8,4,2007
3261.0,12568,NridgHt,8,0,2007
3670.0,9926,NridgHt,7,1,2007
2394.0,9254,NridgHt,8,2,2007
2704.0,10732,NridgHt,8,0,2007
2799.0,3901,NridgHt,6,1,2007
2963.0,3903,NridgHt,6,1,2007
2584.0,6289,NridgHt,6,1,2007
2205.0,4590,NridgHt,8,1,2007
2989.0,7841,NridgHt,9,2,2007
1898.0,6240,NridgHt,8,1,2007
2883.0,3242,NridgHt,7,4,2007
2068.0,15810,Gilbert,6,0,2007
1936.0,10237,Gilbert,6,1,2007
1912.0,13204,Gilbert,7,0,2007
1935.0,8857,Gilbert,6,1,2007
2096.0,9729,Gilbert,6,0,2007
2632.0,12216,Gilbert,6,2,2007
1944.0,8229,Gilbert,6,0,2007
1856.0,7713,Gilbert,7,0,2007
1720.0,7697,Gilbert,7,0,2007
3303.0,3621,Blmngtn,8,4,2007
1654.0,3710,Blmngtn,7,0,2007
2335.0,16219,Gilbert,7,2,2007
1966.0,11084,Gilbert,7,3,2007
2059.0,10936,Gilbert,7,1,2007
1794.0,11950,Gilbert,7,4,2007
2382.0,7875,Gilbert,7,4,2007
3004.0,8740,Gilbert,7,5,2007
2652.0,9487,Gilbert,6,7,2007
2104.0,9649,Gilbert,6,7,2007
4657.0,12191,NoRidge,8,9,2007
4556.0,10557,NoRidge,9,9,2007
4388.0,11002,NoRidge,8,8,2007
2985.0,10790,NoRidge,7,9,2007
3054.0,11762,NoRidge,8,14,2007
4696.0,9044,NoRidge,8,10,2007
1974.0,9910,Somerst,7,0,2007
3614.0,11830,Somerst,8,0,2007
2046.0,10612,Somerst,8,1,2007
4630.0,12291,Somerst,10,0,2007
2008.0,9965,Somerst,7,0,2007
2791.0,8847,Somerst,8,2,2007
2956.0,8251,Somerst,7,1,2007
2551.0,9605,Somerst,7,1,2007
2689.0,8778,Somerst,8,1,2007
1960.0,8640,Somerst,8,0,2007
1910.0,9000,Somerst,7,0,2007
2732.0,8640,Somerst,8,0,2007
2149.0,10411,Somerst,5,0,2007
3505.0,12217,Somerst,8,0,2007
2178.0,10440,Somerst,8,0,2007
2343.0,11824,Somerst,8,1,2007
3187.0,10625,Somerst,6,3,2007
1100.0,7500,SawyerW,6,0,2007
1143.0,7500,SawyerW,7,1,2007
2399.0,12450,SawyerW,5,3,2007
2052.0,7441,SawyerW,7,1,2007
2792.0,11613,SawyerW,6,10,2007
1549.0,8012,SawyerW,6,27,2007
1691.0,6285,Sawyer,5,30,2007
2538.0,7476,Sawyer,5,39,2007
3794.0,19522,Veenker,7,17,2007
2255.0,10751,Sawyer,5,33,2007
2565.0,12712,Sawyer,6,1,2007
2769.0,4379,Somerst,8,3,2007
1695.0,3523,Somerst,8,0,2007
2101.0,3784,Somerst,8,0,2007
2755.0,3606,Somerst,7,0,2007
2078.0,5330,Somerst,8,0,2007
2506.0,2280,Somerst,6,8,2007
2430.0,2117,Somerst,6,7,2007
1983.0,7321,Somerst,7,7,2007
3564.0,8010,Somerst,8,3,2007
4368.0,8413,Somerst,8,9,2007
3466.0,9466,Veenker,8,12,2007
4640.0,12000,Veenker,7,27,2007
5634.0,17778,Veenker,8,26,2007
1564.0,11700,NWAmes,6,39,2007
3896.0,8000,NWAmes,6,37,2007
2535.0,8723,NWAmes,6,38,2007
2733.0,11700,NWAmes,6,39,2007
2471.0,11358,NWAmes,7,20,2007
2066.0,9547,NWAmes,7,14,2007
3367.0,10530,NWAmes,7,14,2007
2369.0,10738,NWAmes,6,41,2007
2244.0,10800,NWAmes,6,44,2007
1927.0,8050,NAmes,5,14,2007
1754.0,10899,NAmes,4,43,2007
2114.0,7450,NAmes,5,51,2007
2105.0,14357,NAmes,5,46,2007
2448.0,8243,NAmes,5,46,2007
1206.0,8680,NAmes,5,47,2007
2294.0,8800,NAmes,7,41,2007
1976.0,9200,NAmes,6,42,2007
3107.0,8800,NAmes,6,10,2007
2257.0,11382,NAmes,6,43,2007
3548.0,22002,NAmes,6,16,2007
1809.0,12172,NAmes,5,11,2007
965.0,5000,BrkSide,3,57,2007
814.0,3500,BrkSide,3,57,2007
1670.0,5175,BrkSide,5,7,2007
1806.0,9600,NAmes,5,52,2007
2352.0,8668,NAmes,5,39,2007
2314.0,10050,NAmes,5,41,2007
2379.0,9600,NAmes,6,46,2007
2124.0,8760,NAmes,6,8,2007
2224.0,6860,NAmes,5,51,2007
2033.0,8250,NAmes,5,44,2007
1480.0,9100,NAmes,5,47,2007
2991.0,9736,NAmes,6,38,2007
1742.0,9770,NAmes,5,50,2007
2501.0,12198,NAmes,5,32,2007
1840.0,10050,NAmes,5,52,2007
1898.0,11556,NAmes,5,1,2007
2044.0,8078,NAmes,5,49,2007
1799.0,10950,NAmes,6,55,2007
2373.0,7942,NAmes,6,54,2007
1982.0,8540,NAmes,5,4,2007
2042.0,7150,NAmes,4,52,2007
2108.0,8400,NAmes,5,52,2007
2876.0,9532,NAmes,4,54,2007
1636.0,15783,OldTown,5,55,2007
1544.0,14190,OldTown,4,1,2007
1785.0,12099,NAmes,5,3,2007
4286.0,21281,NAmes,5,0,2007
2957.0,10284,OldTown,4,14,2007
1534.0,10800,OldTown,5,8,2007
2652.0,10090,NAmes,7,8,2007
1320.0,8700,NAmes,5,46,2007
2192.0,8300,NAmes,6,39,2007
2027.0,7200,NAmes,5,57,2007
1900.0,7500,NAmes,5,4,2007
2133.0,7315,NAmes,5,49,2007
2305.0,7903,NAmes,5,47,2007
2980.0,8000,NAmes,5,47,2007
1225.0,7000,NAmes,5,46,2007
1710.0,6600,NAmes,5,45,2007
1958.0,6760,NAmes,5,45,2007
1536.0,6978,OldTown,5,27,2007
2148.0,6000,OldTown,6,57,2007
1988.0,4480,OldTown,5,57,2007
1147.0,3153,OldTown,5,17,2007
1451.0,7200,OldTown,5,57,2007
1880.0,9000,OldTown,5,1,2007
1963.0,5925,OldTown,4,57,2007
2140.0,9639,OldTown,4,57,2007
2588.0,10337,OldTown,8,8,2007
2422.0,9863,OldTown,6,57,2007
1880.0,4571,OldTown,5,57,2007
2377.0,8398,OldTown,6,17,2007
2010.0,3600,OldTown,5,2,2007
3030.0,13500,OldTown,7,20,2007
1299.0,8626,OldTown,4,51,2007
1766.0,11800,OldTown,4,5,2007
1912.0,6854,BrkSide,5,13,2007
2653.0,8674,BrkSide,5,57,2007
1804.0,6125,BrkSide,5,9,2007
1725.0,6000,BrkSide,6,57,2007
1124.0,6120,BrkSide,5,57,2007
1989.0,6240,BrkSide,6,57,2007
1650.0,6240,BrkSide,5,55,2007
1656.0,6240,BrkSide,5,15,2007
2011.0,6120,BrkSide,5,57,2007
2672.0,7755,OldTown,6,12,2007
1952.0,8850,BrkSide,6,57,2007
1892.0,8550,BrkSide,5,57,2007
2136.0,5700,OldTown,7,17,2007
1413.0,5680,OldTown,5,57,2007
1430.0,5680,OldTown,5,57,2007
3327.0,13200,IDOTRR,6,44,2007
3003.0,9780,IDOTRR,7,2,2007
3275.0,10320,IDOTRR,6,57,2007
2559.0,4330,IDOTRR,4,49,2007
1634.0,10320,IDOTRR,4,57,2007
3053.0,12888,Sawyer,7,27,2007
2007.0,4484,SWISU,5,28,2007
2232.0,11235,Sawyer,5,44,2007
2809.0,11235,Sawyer,5,27,2007
2102.0,14299,Sawyer,4,43,2007
2338.0,14149,Sawyer,5,6,2007
2314.0,11677,Sawyer,5,41,2007
2192.0,8425,Sawyer,5,17,2007
1617.0,8665,Sawyer,5,39,2007
2114.0,8398,Sawyer,5,40,2007
1878.0,8169,Sawyer,5,41,2007
2606.0,14175,Sawyer,5,9,2007
3559.0,16779,Sawyer,5,11,2007
1784.0,6960,Sawyer,7,9,2007
2529.0,11375,Sawyer,6,12,2007
2542.0,13770,Sawyer,5,9,2007
1458.0,9000,Sawyer,4,57,2007
3264.0,11075,ClearCr,6,23,2007
2201.0,17541,Edwards,5,2,2007
2866.0,22692,Edwards,5,54,2007
1578.0,17808,Edwards,4,57,2007
3302.0,12671,ClearCr,6,13,2007
2449.0,10512,Edwards,6,53,2007
1716.0,5400,SWISU,5,49,2007
1251.0,11515,Edwards,4,13,2007
2340.0,3869,Edwards,5,23,2007
2155.0,9280,Edwards,5,56,2007
2813.0,11100,Edwards,5,13,2007
1642.0,7550,Edwards,4,57,2007
2337.0,23920,SawyerW,6,23,2007
2954.0,9317,SawyerW,7,6,2007
2521.0,9178,CollgCr,8,0,2007
3034.0,10481,CollgCr,8,0,2007
2521.0,10235,CollgCr,8,0,2007
2362.0,11750,CollgCr,7,1,2007
2210.0,8760,CollgCr,8,1,2007
1794.0,7242,CollgCr,7,1,2007
2373.0,9316,CollgCr,7,1,2007
3421.0,8883,SawyerW,7,19,2007
3238.0,20064,ClearCr,8,31,2007
2319.0,14217,CollgCr,5,13,2007
2344.0,10021,CollgCr,6,1,2007
1794.0,8428,CollgCr,5,13,2007
1888.0,16561,CollgCr,5,11,2007
2812.0,10820,CollgCr,7,8,2007
2925.0,12352,CollgCr,7,8,2007
2207.0,9543,CollgCr,7,6,2007
3169.0,8826,CollgCr,7,7,2007
1997.0,11800,CollgCr,5,33,2007
1897.0,8660,CollgCr,5,31,2007
2340.0,9720,CollgCr,5,30,2007
2327.0,8982,CollgCr,5,30,2007
1692.0,16300,CollgCr,5,30,2007
2081.0,9675,CollgCr,5,32,2007
2111.0,7200,CollgCr,5,7,2007
1988.0,7200,CollgCr,4,1,2007
3668.0,11354,CollgCr,7,7,2007
3196.0,8749,CollgCr,7,4,2007
2271.0,8158,CollgCr,7,5,2007
2949.0,11927,CollgCr,8,12,2007
4197.0,12728,CollgCr,8,6,2007
3362.0,15295,CollgCr,7,5,2007
2738.0,17227,CollgCr,8,7,2007
2028.0,8145,CollgCr,7,0,2007
2477.0,8769,CollgCr,7,2,2007
1767.0,8334,CollgCr,6,0,2007
1975.0,8333,CollgCr,7,1,2007
1936.0,9045,CollgCr,5,2,2007
2256.0,9825,Edwards,5,40,2007
2581.0,8308,Edwards,4,44,2007
2162.0,16287,Edwards,5,57,2007
1801.0,8240,Edwards,6,47,2007
2076.0,6285,Edwards,6,31,2007
2812.0,9555,Edwards,5,28,2007
2508.0,7023,Edwards,5,1,2007
10259.0,39290,Edwards,10,-2,2007
2064.0,3675,Edwards,6,2,2007
2260.0,6400,Edwards,5,7,2007
1152.0,6882,Edwards,4,52,2007
1195.0,8741,Edwards,5,57,2007
1503.0,10042,Edwards,6,12,2007
1667.0,8172,Edwards,4,52,2007
2074.0,8172,Edwards,4,52,2007
2963.0,10890,SWISU,5,57,2007
2093.0,7223,Crawfor,5,57,2007
1651.0,6821,Crawfor,6,2,2007
1560.0,4000,Crawfor,7,12,2007
1664.0,6720,Crawfor,6,57,2007
1686.0,7155,Crawfor,6,16,2007
1982.0,7230,Crawfor,7,15,2007
1626.0,13108,Crawfor,5,56,2007
2175.0,7810,Crawfor,4,4,2007
2416.0,6221,Crawfor,5,57,2007
3700.0,25485,Crawfor,6,47,2007
2853.0,21579,Crawfor,6,39,2007
1837.0,1782,Blueste,6,27,2007
2308.0,17871,Crawfor,4,11,2007
2106.0,3907,Blueste,8,19,2007
2755.0,20693,Crawfor,7,36,2007
3417.0,18044,Crawfor,8,21,2007
2310.0,7000,IDOTRR,6,57,2007
1601.0,7288,IDOTRR,5,4,2007
,9060,IDOTRR,5,8,2007
916.0,3672,IDOTRR,5,57,2007
896.0,11067,IDOTRR,2,57,2007
1991.0,8250,IDOTRR,5,1,2007
2760.0,6565,IDOTRR,4,27,2007
1954.0,6060,IDOTRR,5,0,2007
3693.0,5568,Crawfor,8,0,2007
2786.0,12150,Mitchel,6,28,2007
2627.0,10000,Mitchel,5,5,2007
3377.0,12864,Mitchel,7,5,2007
3223.0,9928,Mitchel,7,15,2007
2032.0,8750,Mitchel,7,32,2007
2478.0,8410,Mitchel,6,33,2007
2962.0,4054,Timber,7,20,2007
2740.0,19958,Timber,6,12,2007
2122.0,8368,Timber,7,0,2007
2649.0,8298,Timber,8,0,2007
2063.0,10331,Timber,7,22,2007
2033.0,6718,Timber,8,6,2007
3943.0,11305,Timber,8,5,2007
2062.0,7777,Timber,6,11,2007
3704.0,11800,Timber,7,3,2007
2756.0,12633,Timber,10,0,2007
3075.0,43500,Mitchel,3,54,2007
2316.0,6710,Mitchel,6,10,2007
1597.0,1504,MeadowV,4,35,2007
1792.0,1533,MeadowV,4,37,2007
1476.0,1495,MeadowV,4,37,2007
1378.0,1890,MeadowV,4,31,2007
2609.0,9129,Mitchel,5,30,2007
3032.0,15957,Mitchel,6,30,2007
3460.0,33983,Mitchel,5,13,2007
2494.0,8286,Mitchel,5,30,2007
1592.0,6723,Mitchel,5,36,2007
2863.0,27697,Mitchel,4,46,2007
2770.0,11000,Mitchel,5,4,2007
1676.0,11625,Mitchel,5,24,2007
1691.0,10447,Mitchel,5,23,2007
2752.0,11027,NAmes,6,52,2006
2110.0,10533,NAmes,6,50,2006
3887.0,11765,NAmes,5,49,2006
3050.0,39384,NAmes,6,49,2006
2357.0,11727,NAmes,7,37,2006
2625.0,8238,Gilbert,6,8,2006
2094.0,13041,Gilbert,6,11,2006
2219.0,9783,Gilbert,6,10,2006
2591.0,13128,Gilbert,8,1,2006
3045.0,13751,Gilbert,7,0,2006
3305.0,13108,StoneBr,8,12,2006
2276.0,8076,Gilbert,6,12,2006
1665.0,3701,StoneBr,8,19,2006
4686.0,16023,StoneBr,9,0,2006
4148.0,18062,StoneBr,10,0,2006
3353.0,12292,StoneBr,9,0,2006
4640.0,16052,StoneBr,10,0,2006
3455.0,15922,StoneBr,9,0,2006
3422.0,8147,StoneBr,9,1,2006
4138.0,18261,StoneBr,9,1,2006
2534.0,10464,NWAmes,6,26,2006
2339.0,10530,NWAmes,7,28,2006
2684.0,9927,NWAmes,7,30,2006
3647.0,9512,Somerst,7,0,2006
2908.0,10530,NWAmes,6,6,2006
2320.0,10000,NWAmes,6,32,2006
2090.0,7200,NAmes,4,35,2006
2913.0,8773,NAmes,6,4,2006
1532.0,2760,BrDale,6,33,2006
2207.0,2160,BrDale,5,33,2006
1576.0,1890,BrDale,6,34,2006
1488.0,1680,BrDale,6,34,2006
1738.0,1680,BrDale,6,34,2006
2392.0,4043,NPkVill,6,31,2006
2168.0,7514,NAmes,5,31,2006
1986.0,2280,NPkVill,7,30,2006
1986.0,2179,NPkVill,6,30,2006
4789.0,16387,NridgHt,9,0,2006
2498.0,16163,NridgHt,8,2,2006
2614.0,12228,NridgHt,7,0,2006
4458.0,14780,NridgHt,9,1,2006
2876.0,13975,NridgHt,9,0,2006
3902.0,9942,NridgHt,9,0,2006
2828.0,12867,NridgHt,8,0,2006
3061.0,10672,NridgHt,8,0,2006
4022.0,11643,NridgHt,8,0,2006
3949.0,13758,NridgHt,9,0,2006
3979.0,14828,NridgHt,9,1,2006
3654.0,13215,NridgHt,8,2,2006
2593.0,5911,NridgHt,9,1,2006
3608.0,7740,NridgHt,9,0,2006
2656.0,6373,NridgHt,9,0,2006
1846.0,10237,Gilbert,6,0,2006
1932.0,10237,Gilbert,7,0,2006
1753.0,11660,Gilbert,6,0,2006
3005.0,11631,Gilbert,8,1,2006
1932.0,9073,Gilbert,7,0,2006
2254.0,3087,Blmngtn,7,0,2006
2947.0,2938,Blmngtn,7,4,2006
2995.0,3072,Blmngtn,7,2,2006
1598.0,3010,Blmngtn,7,0,2006
2031.0,9171,Gilbert,7,1,2006
3052.0,8658,Gilbert,6,6,2006
2939.0,12104,Gilbert,7,0,2006
3652.0,9660,NoRidge,8,8,2006
3507.0,9545,NoRidge,8,6,2006
4811.0,9233,NoRidge,9,6,2006
3978.0,10019,NoRidge,8,11,2006
6144.0,17242,NoRidge,9,12,2006
3845.0,10236,NoRidge,8,11,2006
4789.0,12585,NoRidge,8,13,2006
2724.0,12447,Somerst,8,0,2006
4160.0,15218,Somerst,8,0,2006
2014.0,10936,Somerst,8,0,2006
1886.0,8640,Somerst,8,0,2006
5268.0,13162,Somerst,9,0,2006
2331.0,8125,Somerst,6,1,2006
1166.0,7733,SawyerW,6,1,2006
2012.0,11024,SawyerW,7,0,2006
1131.0,13072,SawyerW,6,0,2006
2148.0,7800,SawyerW,7,1,2006
2034.0,7632,SawyerW,7,1,2006
2525.0,8304,SawyerW,6,8,2006
2951.0,9370,SawyerW,6,13,2006
2844.0,7175,SawyerW,6,15,2006
1979.0,7175,SawyerW,6,15,2006
2066.0,9019,SawyerW,6,12,2006
1648.0,9100,Sawyer,5,44,2006
2182.0,8927,Sawyer,6,29,2006
2399.0,9240,Sawyer,5,4,2006
1848.0,9308,Sawyer,5,41,2006
1635.0,8450,Sawyer,5,38,2006
1590.0,8638,Sawyer,5,43,2006
2044.0,13052,Sawyer,5,41,2006
1556.0,8020,Sawyer,5,42,2006
1888.0,8789,Sawyer,5,39,2006
4716.0,14330,Veenker,7,32,2006
4832.0,11025,NoRidge,8,13,2006
1731.0,3628,Somerst,7,2,2006
1623.0,2544,Somerst,7,1,2006
2317.0,2998,Somerst,6,6,2006
1576.0,4447,Somerst,7,3,2006
2128.0,8314,Somerst,7,8,2006
2132.0,7180,Somerst,8,4,2006
2656.0,13110,NWAmes,5,34,2006
2432.0,10140,NWAmes,7,39,2006
2313.0,9600,NAmes,5,38,2006
3144.0,8640,NAmes,5,38,2006
2240.0,9360,NAmes,6,2,2006
1968.0,8400,NAmes,5,38,2006
2114.0,9759,NAmes,5,40,2006
2713.0,9600,NAmes,5,39,2006
3017.0,8800,NAmes,6,6,2006
2926.0,10368,NAmes,6,42,2006
2280.0,9350,NAmes,5,42,2006
2166.0,10800,NAmes,5,46,2006
1630.0,8550,NAmes,6,56,2006
1316.0,9724,NAmes,5,56,2006
2789.0,9600,NAmes,5,16,2006
1904.0,10858,NAmes,5,54,2006
2492.0,9600,NAmes,5,55,2006
1962.0,9462,NAmes,5,33,2006
1662.0,9888,NAmes,5,31,2006
2090.0,8917,NAmes,5,39,2006
2626.0,12700,NAmes,6,42,2006
1438.0,9723,NAmes,6,43,2006
2318.0,8400,NAmes,5,49,2006
2027.0,9610,NAmes,6,48,2006
2629.0,10000,NAmes,5,50,2006
2391.0,10152,NAmes,6,12,2006
2160.0,8092,NAmes,6,6,2006
1946.0,12778,NAmes,5,3,2006
1975.0,10170,NAmes,6,55,2006
2100.0,7700,NAmes,5,50,2006
1812.0,11050,NAmes,5,50,2006
2412.0,13600,NAmes,5,51,2006
1895.0,15428,NAmes,5,15,2006
2830.0,21299,NAmes,7,43,2006
2774.0,13300,NAmes,5,5,2006
4666.0,22136,OldTown,5,31,2006
1961.0,7500,NAmes,6,56,2006
1084.0,10410,OldTown,3,5,2006
1375.0,10914,NAmes,3,56,2006
1000.0,7008,OldTown,4,8,2006
2461.0,7200,OldTown,6,56,2006
2408.0,10818,OldTown,4,56,2006
2020.0,10184,NAmes,6,43,2006
2172.0,9510,NAmes,6,21,2006
3104.0,10800,NAmes,6,14,2006
1956.0,11650,NAmes,7,47,2006
3525.0,18275,NAmes,7,8,2006
2573.0,12144,NAmes,4,56,2006
1440.0,8544,NAmes,3,56,2006
1556.0,8512,NAmes,5,46,2006
2219.0,7000,NAmes,5,45,2006
2382.0,7400,NAmes,7,44,2006
1668.0,7000,NAmes,5,44,2006
1978.0,7000,NAmes,5,44,2006
2638.0,9856,OldTown,5,1,2006
2184.0,9600,OldTown,5,56,2006
2103.0,5520,OldTown,4,26,2006
2197.0,9600,OldTown,6,2,2006
2212.0,6451,OldTown,7,36,2006
1204.0,3960,OldTown,7,56,2006
2527.0,7745,OldTown,4,56,2006
1527.0,7741,OldTown,6,56,2006
1060.0,5633,OldTown,5,56,2006
1392.0,7200,OldTown,4,56,2006
1592.0,7614,OldTown,3,56,2006
2112.0,6000,OldTown,5,51,2006
2016.0,6000,OldTown,5,56,2006
1108.0,7830,OldTown,3,56,2006
1870.0,9576,OldTown,6,56,2006
1090.0,5747,OldTown,3,56,2006
2536.0,6300,OldTown,7,1,2006
1248.0,5976,OldTown,5,56,2006
1584.0,9750,OldTown,5,48,2006
1020.0,4761,IDOTRR,3,56,2006
2067.0,11737,BrkSide,6,10,2006
1767.0,6120,BrkSide,3,56,2006
1504.0,6120,BrkSide,5,22,2006
1026.0,11672,BrkSide,5,56,2006
3062.0,33120,OldTown,6,44,2006
1800.0,10320,IDOTRR,4,56,2006
1720.0,7518,IDOTRR,5,2,2006
819.0,9000,IDOTRR,5,56,2006
1635.0,7200,IDOTRR,6,56,2006
2039.0,12375,Sawyer,5,55,2006
2497.0,11136,Sawyer,6,42,2006
2034.0,21370,Sawyer,5,56,2006
1292.0,8250,Edwards,5,56,2006
1059.0,5220,SWISU,5,56,2006
2202.0,5500,SWISU,7,2,2006
2371.0,11327,Sawyer,5,39,2006
1726.0,10366,Sawyer,6,42,2006
2118.0,9000,Sawyer,5,40,2006
3146.0,9535,Sawyer,5,39,2006
2450.0,7176,Sawyer,6,28,2006
2547.0,9662,Sawyer,5,29,2006
3018.0,8235,Sawyer,5,29,2006
1194.0,17529,Sawyer,5,56,2006
3987.0,20355,ClearCr,7,39,2006
2529.0,13050,ClearCr,5,43,2006
2080.0,10820,Sawyer,5,34,2006
2407.0,1700,ClearCr,7,25,2006
2653.0,9375,Edwards,4,52,2006
1595.0,6488,Edwards,5,56,2006
2804.0,19950,Edwards,6,56,2006
4933.0,19800,Edwards,6,16,2006
3864.0,11679,Edwards,5,44,2006
2057.0,12048,Edwards,5,4,2006
1345.0,10519,Edwards,5,7,2006
2382.0,9525,Edwards,6,53,2006
3614.0,12128,SawyerW,6,17,2006
3704.0,9069,SawyerW,6,13,2006
2724.0,11003,CollgCr,7,0,2006
2233.0,7488,CollgCr,7,1,2006
3917.0,13377,CollgCr,6,0,2006
3466.0,11645,CollgCr,8,0,2006
2447.0,10984,CollgCr,7,0,2006
2246.0,9316,CollgCr,7,1,2006
2206.0,9316,CollgCr,7,1,2006
2763.0,12000,ClearCr,6,38,2006
1562.0,13015,CollgCr,5,10,2006
1972.0,12438,CollgCr,6,11,2006
2862.0,8685,CollgCr,7,8,2006
2764.0,9272,CollgCr,7,7,2006
3259.0,13426,CollgCr,7,6,2006
2214.0,8340,CollgCr,6,29,2006
2949.0,10385,CollgCr,6,28,2006
1598.0,7200,CollgCr,5,34,2006
2809.0,9930,CollgCr,7,4,2006
2924.0,9468,CollgCr,6,7,2006
2648.0,11088,CollgCr,8,4,2006
2438.0,8726,CollgCr,7,4,2006
3780.0,10566,CollgCr,8,7,2006
2516.0,21533,CollgCr,7,9,2006
3290.0,11250,CollgCr,7,8,2006
3290.0,11250,CollgCr,7,10,2006
1985.0,4435,CollgCr,6,3,2006
2935.0,8810,CollgCr,7,3,2006
2315.0,8581,CollgCr,7,0,2006
2183.0,8400,CollgCr,7,1,2006
2834.0,8772,CollgCr,7,0,2006
2474.0,8777,Edwards,4,6,2006
1988.0,7840,Edwards,6,31,2006
2383.0,16133,Edwards,5,37,2006
2340.0,7162,Edwards,7,2,2006
1686.0,8050,Edwards,6,4,2006
2816.0,11060,Edwards,7,1,2006
2144.0,3675,Edwards,6,0,2006
2089.0,2522,Edwards,7,2,2006
1201.0,6956,Edwards,4,56,2006
1866.0,7822,Edwards,6,56,2006
1957.0,8707,Edwards,4,56,2006
2782.0,16012,Edwards,4,38,2006
964.0,8248,Edwards,4,56,2006
714.0,8088,Edwards,2,51,2006
1548.0,11388,Edwards,4,13,2006
2721.0,10890,SWISU,5,56,2006
2560.0,6430,SWISU,6,56,2006
2215.0,7000,SWISU,7,9,2006
2031.0,4899,SWISU,6,56,2006
1924.0,9399,Crawfor,7,56,2006
2351.0,10164,SWISU,5,56,2006
1912.0,6191,SWISU,5,56,2006
1868.0,21780,Crawfor,6,56,2006
2729.0,12400,Crawfor,5,56,2006
2648.0,8170,Crawfor,7,56,2006
2188.0,12320,Crawfor,7,16,2006
2166.0,14210,Crawfor,6,47,2006
3417.0,15600,Crawfor,5,43,2006
1496.0,7288,IDOTRR,5,56,2006
2165.0,7000,IDOTRR,6,56,2006
672.0,8534,IDOTRR,4,56,2006
913.0,7030,IDOTRR,4,56,2006
2022.0,9060,IDOTRR,6,49,2006
729.0,12366,IDOTRR,3,56,2006
1396.0,9000,IDOTRR,5,55,2006
936.0,8520,IDOTRR,3,56,2006
3846.0,5748,Crawfor,8,0,2006
3735.0,3842,Crawfor,8,1,2006
2977.0,23580,Mitchel,6,27,2006
2280.0,8385,Mitchel,6,28,2006
1981.0,9116,Mitchel,8,5,2006
2314.0,11080,Mitchel,6,31,2006
3077.0,50102,Timber,6,48,2006
3125.0,8098,Timber,6,6,2006
4024.0,13618,Timber,8,0,2006
3975.0,11577,Timber,9,0,2006
1870.0,31250,Mitchel,1,55,2006
3395.0,7020,Mitchel,7,9,2006
1640.0,2665,MeadowV,5,29,2006
1603.0,10172,Mitchel,5,3,2006
2729.0,11836,Mitchel,5,36,2006
1152.0,1470,MeadowV,4,36,2006
1597.0,1484,MeadowV,4,34,2006
2159.0,13384,Mitchel,5,27,2006
1786.0,1533,MeadowV,4,36,2006
1092.0,1526,MeadowV,4,36,2006
1092.0,1936,MeadowV,4,36,2006
1630.0,1894,MeadowV,4,36,2006
3024.0,20000,Mitchel,5,10,2006
1307.0,10441,Mitchel,5,14,2006
3408.0,9627,Mitchel,7,12,2006
